-19.97533,-40.88846,90.44074,-5.1326876,19.2467,-84.32362,-9.775669,-29.28421,-15.777152,40.7806,3.2142172,30.38992,-91.73662,-57.903275,44.067307,-19.654089,35.97947,-57.16399,-13.794994,-4.4485855,-1
6.9196167,-22.947908,-19.810753,26.972105,-54.138462,11.921771,-17.42969,-6.1963615,39.67966,-60.866463,-0.72828245,-70.7242,-17.638212,-40.56987,-46.35337,-14.248273,-35.539467,42.56509,3.6753626,-10.727214,-1
-29.6147,-29.023434,-48.555454,-18.437239,23.547428,-8.620422,-6.0147343,-83.78187,-49.535164,-21.183737,3.4653234,-22.59484,56.08539,72.16449,37.03046,6.677762,11.842236,-12.126728,-2.2042007,-85.68114,-1
36.640926,22.93501,44.91253,-70.33884,-36.897472,-23.044622,21.91578,-0.65209293,-29.07667,5.71385,-19.977917,33.049698,9.521906,35.946434,56.486885,-22.49266,-39.074028,-12.507584,-2.6340895,-9.306587,-1
7.425974,-38.227352,16.077536,-32.757797,-19.81749,20.114632,-41.38362,-26.422485,30.090569,-22.174164,18.820675,-41.072094,-35.99855,-38.81523,19.613611,-54.344593,24.721298,-4.99368,-17.193903,-54.031048,-1
13.414518,44.271275,-47.120697,22.815321,-7.2231617,-49.866253,-64.34125,-25.355934,-54.980766,27.72601,-2.1124625,7.1304855,-24.123804,-18.60879,36.513325,-48.440018,67.797,-4.596012,5.29811,34.121902,-1
-52.331947,-9.748709,-2.219286,45.57378,40.760544,26.388456,8.766757,-56.098045,5.789547,11.796279,-36.34158,-15.6782875,24.326942,-18.952192,-26.539062,9.634282,-40.669266,-69.11572,2.3382807,1.8765306,-1
51.345207,-2.7735672,-38.076885,-8.794781,-33.00396,-46.495956,51.73195,-21.364948,0.26361752,-51.737877,16.636057,-60.049797,11.761551,13.844093,38.81998,-17.253498,29.935965,-0.540102,-1.8859797,-106.275536,-1
-39.778694,-21.897213,24.244848,-54.72515,3.8222628,-50.957554,-35.908314,-8.567346,-53.50106,-6.326211,-8.345242,13.529339,-43.067448,1.0831194,15.487999,49.461655,-28.72488,0.05280304,7.622013,-18.05991,-1
15.539217,-24.029194,18.899132,16.959534,-11.048478,43.322342,60.988796,-54.02099,50.4001,18.779415,29.866314,-37.446342,61.1029,-22.849268,-4.6846533,-40.53486,-53.58313,-14.989756,-40.30115,-28.12976,-1
-9.467121,13.702783,57.814423,-83.455505,-11.193408,-91.31433,-39.924953,-75.49508,-54.52774,-7.678451,6.2095547,-46.978447,-16.98604,-25.755795,28.580893,31.157356,65.513275,19.291542,50.5574,-13.900386,-1
-27.528328,-56.405136,-88.74159,16.97782,27.311386,-5.415545,-0.36561966,-32.602016,4.435278,-43.748207,-36.492214,-31.937233,12.216681,38.271408,39.458916,-18.349741,-5.145136,-14.306291,-0.3982272,50.653503,-1
87.1926,-19.538725,-72.402756,52.260044,16.7289,-27.194702,31.52803,-6.7506485,-13.660618,23.460783,-14.432118,63.678467,-31.394958,-63.029552,-79.31773,15.222031,25.697083,1.2592745,-39.244484,-83.135735,-1
12.091923,20.128063,75.966415,-69.0241,51.840073,-23.751463,-5.9637413,19.188713,21.618195,-35.989883,24.035328,-75.8344,5.217333,16.113014,89.2603,-7.2570953,-29.05542,-5.034069,36.35752,-36.864582,-1
-28.389624,-81.25928,-2.1061764,8.572283,-27.962616,-75.41564,5.2157784,-41.819454,24.285637,-14.826263,-19.755955,-40.536846,-19.240572,-16.263735,-8.557999,-66.801155,-20.16352,-43.635002,-30.28589,-32.84129,-1
1.7533226,12.486608,9.429717,-3.4317892,95.677444,4.638359,1.4185271,-7.0499616,-19.627544,-15.946202,23.432407,25.284632,6.475567,16.17096,-5.4116626,19.59751,51.342087,19.032892,11.59865,-30.62703,-1
12.100088,55.22874,-4.5456843,34.43803,-38.047848,-59.61177,-63.771786,31.124283,43.613693,31.247156,-6.2932205,-72.40787,97.27356,40.959633,32.967987,12.21055,-0.014701843,-36.175915,50.845955,7.0029373,-1
85.92287,-53.874424,93.85171,30.38491,69.238884,22.617912,7.9312572,-54.654045,-5.371769,-66.60951,11.90243,1.3925266,-17.093039,-8.347515,-6.107321,18.219898,-8.326708,58.124462,-8.205707,-29.762917,-1
-68.80267,6.3265796,-33.002266,-45.582924,5.0780444,-28.21186,-0.06453323,28.117659,-1.1835289,-7.7849236,61.31339,4.987049,37.03488,39.222145,22.185637,-41.532757,20.726955,2.9319425,-25.294289,28.492558,-1
24.707222,-41.228718,-56.164455,65.37407,-45.416367,-9.839945,64.330864,-20.925295,32.458977,25.382256,-20.95437,-35.219257,41.18761,-38.757275,30.880829,9.274781,-3.0839138,46.399353,21.798359,2.6355782,-1
22.410717,21.035778,56.45208,-19.177874,89.072426,41.496437,-16.863804,23.16634,-21.135384,-1.7761078,49.209404,53.034645,-17.521313,25.959694,-30.376205,80.84591,38.797676,-29.64686,-44.19245,38.255394,-1
-0.18254471,24.770197,-2.0516348,30.178219,-4.767067,-74.17167,-22.564272,-40.835945,-8.644956,-26.583073,-33.700188,-6.3430476,8.946955,18.87413,46.288826,-51.50842,15.825533,-12.539216,36.60184,-20.4444,-1
-15.393226,-45.65838,-8.186118,-25.600138,49.57004,44.39319,73.302475,43.798386,-9.731016,-46.81051,-14.529275,-30.093021,3.5178695,22.62872,1.8555827,-8.996191,-9.135241,-14.815211,-12.127508,23.660313,-1
70.840195,26.305702,34.450867,-17.15208,-54.442352,22.658106,-6.936144,3.1950026,30.511883,42.148445,35.437946,30.213488,-6.5558243,-40.802017,34.82979,-20.280989,-28.118656,2.9469929,-7.6457615,-9.085991,-1
-60.206276,-2.7093477,-19.05804,-14.513938,45.434982,27.010504,23.314589,7.3945675,-41.20159,-12.053759,-37.653053,46.852753,37.177345,60.672108,-73.24217,40.468033,-15.986864,30.380707,8.2104845,16.88829,-1
-35.719345,2.1782846,-14.310471,7.3029966,-52.023438,63.372097,-13.123673,-6.973858,-35.49317,-33.608597,3.3584557,-35.13636,-20.850056,22.381218,29.001831,-47.43837,25.880505,-6.5917416,14.92959,-1.5530472,-1
90.176285,17.17236,33.449043,22.700224,14.735533,-2.560913,3.5513134,39.894035,5.375411,27.67162,-1.4684925,-34.872437,-11.564871,-79.99461,-10.1523,-12.007256,2.3766842,48.5336,41.063133,83.476944,-1
-35.570854,-46.60233,-21.636385,-5.747327,14.066122,-23.938717,5.5742464,-0.14751244,42.40821,131.73447,26.13686,-1.9993019,-56.39305,57.0772,-42.85565,75.88544,-58.59559,-12.790892,-3.935646,-59.701233,-1
54.55415,-24.754662,9.296402,45.306343,-43.493477,45.26883,-0.12087345,-42.0054,-36.266865,-109.28159,-32.723076,-91.61218,94.40759,43.743843,6.815748,-77.67119,75.96289,-19.273167,-25.74708,19.626352,-1
11.280156,20.914387,41.637802,-51.332054,-6.484721,-34.47311,-61.091473,2.7223015,-8.227708,6.216158,23.336405,75.70723,-71.17264,-5.3932133,-20.011053,60.577934,-61.217228,-13.295581,-16.981049,-26.072737,-1
73.54314,-28.9013,-22.401228,0.7977171,-13.870744,3.8164244,-56.577644,31.04755,-12.174798,-15.583198,-23.470573,-24.812778,-5.811922,2.8097572,6.6034546,-37.49508,-3.4824486,-21.692913,4.325737,24.136745,-1
-77.5935,18.993526,-89.660614,-11.011194,-3.9948692,-39.43401,-3.774334,3.5377893,-59.3557,9.702908,-4.268507,-8.681051,25.865961,40.012627,-11.301711,22.363934,-47.190453,52.653034,-3.707952,-85.79628,-1
-28.254728,9.802364,74.53562,-12.106611,22.814657,33.67079,18.042717,64.22575,47.914013,17.956863,-38.156322,-54.718796,-80.901505,-131.3691,6.4560256,4.6717243,8.333464,-42.756706,-5.960265,74.089676,-1
22.523895,-44.963196,-89.01521,-34.928986,-5.9180007,5.2610245,-1.0739765,-98.84805,-3.9056454,-42.04058,100.57106,89.97755,67.83287,50.191757,14.337756,-19.632725,35.187286,-12.758997,-28.584732,41.08677,-1
-8.770485,-28.732311,17.054543,67.05261,22.12046,-24.407936,-31.647266,77.403564,5.01408,29.735909,-32.55951,-92.27605,-25.826103,-3.9083347,-8.417772,31.947817,-23.076336,-20.417093,14.524185,-34.641926,-1
0.91807556,45.537888,4.1280603,-1.077734,-29.742699,24.097467,13.759829,-76.075264,43.338745,-6.545762,2.2631855,56.808662,-5.760929,21.408684,11.649885,-52.005737,32.404636,-12.730888,-19.375183,-79.50663,-1
-13.192896,-95.92377,1.5729828,-41.11867,34.634785,-5.6181602,-17.284409,8.447395,-54.135574,-33.158672,-36.16068,-39.34436,48.622444,33.788364,4.273407,-6.744149,-47.022995,37.602287,9.006851,-21.766619,-1
-5.826742,59.60696,38.674225,14.24682,1.5549107,-69.856026,-38.399845,-6.1791935,17.943396,-25.76032,73.566826,47.241966,23.80236,-16.34226,-2.0064907,-3.0010223,42.65826,-10.724558,7.3794327,25.626541,-1
35.476494,44.43946,12.341601,11.345144,-3.7867584,-3.401703,8.1737995,31.72584,10.519458,-25.385483,-34.82549,-75.75351,-103.51529,-35.451828,-1.4986687,-25.348505,-46.40031,-43.645824,7.2764606,-38.738693,-1
8.230333,-103.43355,-29.517002,61.249695,53.181145,20.004286,-18.025154,6.937788,-35.79174,7.692875,36.410427,6.931632,12.965403,19.737062,11.744882,0.83446884,14.290874,-11.925234,16.546955,-5.9183655,-1
-34.310925,67.29306,-20.318792,1.2103024,-19.715828,-23.824675,-6.7537885,-50.21111,-1.9227037,-56.706913,44.765278,10.132835,-25.55187,24.390968,-17.093224,8.531569,-25.453869,34.017982,-16.262985,-11.71684,-1
12.22239,-38.950375,33.65289,-42.911415,50.987423,31.748579,-55.28368,0.8222575,15.3961315,37.47757,-52.891712,-46.423775,28.558422,-12.758747,75.71276,-86.238754,-12.2429905,-6.460879,10.63776,1.1136837,-1
-10.042515,28.846983,-16.125687,1.8068714,-3.028636,31.765732,-38.60383,-17.573902,-36.4031,-35.67614,18.499693,30.041332,1.9110565,22.45807,38.35926,56.161118,33.00143,-17.649204,31.432228,-43.476345,-1
22.412075,-29.23687,48.309418,13.733209,-0.4854946,-13.661522,-5.461179,-1.0865803,43.000446,65.135124,-0.24350357,-21.500402,13.819998,-31.892593,-78.46667,-12.116901,0.65868664,9.60079,15.870309,40.54193,-1
40.291492,-22.977041,-65.80241,37.405136,-9.297789,-25.799376,-13.591846,1.1405878,-10.666203,27.375967,15.615873,-2.2613907,-12.811917,44.581444,3.804718,19.54965,-0.44397736,-2.0242653,-30.10894,32.26432,-1
17.631086,57.200993,11.655033,-29.417885,50.3277,26.802734,-26.00447,-20.02428,-19.531706,-50.942406,53.90552,13.694844,-3.3744211,-99.10989,45.892994,-15.366241,51.116337,18.861156,-15.9852915,-34.94224,-1
6.2883415,-57.03733,-50.768425,-4.4207697,-12.937744,36.036625,-61.639626,36.212925,6.5142636,-19.21961,-22.885061,-38.087,91.155045,62.610214,32.04798,-44.7804,-28.691067,6.2422614,21.001308,-31.086432,-1
-43.282932,27.6419,22.995508,32.89837,44.335438,7.4144506,-17.05872,114.09808,20.573725,56.357105,26.672806,9.494308,30.56244,0.944046,-65.869644,-56.719322,11.212088,18.124208,36.294197,36.29625,-1
17.969173,78.311264,-11.123815,19.987364,59.07853,99.76959,-56.86079,154.76634,3.7617817,21.38137,63.901005,19.2303,-56.120956,-18.236486,18.130844,19.627167,-18.36808,25.940933,-11.248699,-22.164679,-1
17.846321,24.070076,27.520794,10.594127,54.83056,85.61676,-19.064934,292.01425,-44.247303,-51.67438,-9.253629,-22.26741,33.859478,-41.236797,16.082325,5.698345,-6.041418,71.66928,-6.416068,-10.495205,-1
155.57349,4.601137,18.865696,76.014175,75.026764,254.93375,-78.89944,303.62964,18.713045,-24.885817,-12.306213,-38.85745,18.52581,-17.57034,-13.953567,-18.208952,-89.55557,-20.555359,32.44427,-43.384083,-1
23.071915,103.3763,-22.363113,63.4338,24.236284,221.5957,-20.363415,300.21796,26.221256,17.31913,-54.09459,7.0095415,20.27995,-14.739534,-6.5162907,-76.94876,-19.576736,28.683533,21.365973,39.064873,-1
57.652588,0.6508827,27.947247,-2.7260733,73.18999,205.66728,-26.884626,420.09167,-55.677124,-32.12469,77.55961,31.402058,-67.74487,-32.982315,-40.884537,-29.405308,-49.83662,-9.516769,9.531657,-22.588848,-1
38.14556,-24.507282,14.30988,40.97866,54.117855,249.17615,-100.48331,326.8254,-19.45111,23.617641,14.8178625,15.014879,47.68603,-38.22931,22.985594,-41.181587,17.536217,1.6484704,-11.964849,0.30403328,-1
-29.533058,64.455574,14.708153,61.503113,-16.935701,230.43152,-46.654182,210.6392,47.117004,-42.27608,-0.9923773,-73.489845,51.633904,-6.127701,8.809705,-65.45781,51.894836,63.971294,-41.836815,-43.58622,-1
51.404724,26.624504,-18.730267,93.74088,18.59423,228.90112,-79.863266,202.86874,-16.233692,9.677259,7.327464,35.453503,58.328003,20.848282,-4.657055,32.80553,-24.414492,8.914886,35.97643,18.71708,-1
16.316895,4.8605886,-36.08917,29.840752,10.218069,166.9661,0.99676514,210.21472,-33.03887,-107.63562,19.09127,-55.16046,-49.465874,3.1155825,86.08496,-66.63743,-42.370113,9.550352,-30.954475,-18.445988,-1
-8.325518,0.26671505,64.528046,53.37542,110.56857,162.7184,-27.204367,256.68726,19.564701,-16.773973,-12.997546,50.02632,23.524122,-33.855957,-53.718224,-9.932996,-5.4655595,2.372467,17.461878,-121.69092,-1
-15.402428,80.412125,-11.516762,1.158514,69.556656,150.39268,-76.58769,87.666275,38.139874,-10.833456,11.274981,-10.049899,33.220047,34.377342,-35.819237,-30.825066,-0.17004967,37.985344,33.691677,23.532864,-1
98.978386,-58.30199,-58.980392,-2.959261,12.325291,238.19455,25.503311,275.13345,-37.346497,-18.480438,31.23152,1.078309,46.14454,10.413696,-10.6688,-25.244297,-6.505848,36.860558,-61.768295,9.881863,-1
-19.699547,45.544838,58.501156,30.42016,51.68763,201.45819,-57.343906,197.89754,10.800675,-25.988808,8.52084,-41.284294,-58.049522,-65.69266,20.150892,11.894333,18.735123,-14.903397,15.563574,30.740202,-1
20.166079,-23.709145,-24.1629,-9.42396,97.57496,126.10816,-29.794176,163.83673,-5.087985,-7.7266884,-18.008034,52.129234,42.2856,65.56373,-25.792389,29.913074,-75.41228,40.15963,-3.3584256,-70.41824,-1
67.16599,-0.6660671,13.077831,107.78842,-65.41235,258.8291,-16.679138,172.61661,6.384886,23.393616,39.256752,33.112926,29.472557,-98.15555,87.845894,-53.099903,39.17011,35.321194,-5.2254095,-17.24717,-1
41.333088,-23.210546,17.930243,-42.62962,26.863571,158.98706,-51.00137,154.21101,-0.4107132,-44.83661,-28.872585,-22.555721,-36.43489,59.148552,-57.91114,20.466835,-60.50314,39.54493,44.763176,-2.7628527,-1
11.302174,71.10787,38.064163,43.936302,-2.736702,128.2408,-23.781157,167.3359,-5.4823875,-4.404082,40.524574,-44.92675,57.67852,5.290081,19.29915,9.926144,60.08529,17.437088,-7.242387,-49.23416,-1
-11.792208,27.486813,-4.740856,51.497944,54.139854,139.8247,-15.550558,214.46402,0.26613522,49.209312,-7.767373,-14.426037,9.521406,-40.941845,36.269104,-45.708405,69.03925,32.246063,21.933323,61.024406,-1
43.75995,-1.5390301,7.467397,26.454922,79.255775,121.3226,-41.12052,91.99482,41.828987,-104.80565,19.834057,-48.52234,-26.128365,-2.3861332,-22.013887,4.1112723,-16.73104,-1.679042,-8.80094,-50.653877,-1
42.15508,66.24591,31.387869,71.676315,38.7539,86.92518,-15.156378,99.265236,-29.166441,31.710888,13.522684,62.44994,0.54003334,-16.931704,48.993843,-13.834396,-26.701097,-43.78747,-1.7471294,17.585194,-1
0.5233698,-3.1088867,-20.761219,-48.107464,25.510618,109.38663,-21.371843,151.16911,65.1196,-25.606594,3.7457657,-22.340508,-9.136906,27.795885,-43.32473,-28.151194,35.194798,13.421069,29.772188,-7.4186177,-1
106.98505,3.476468,1.5527258,83.091034,59.609154,159.63145,-44.534805,136.06696,53.365456,15.293533,2.5344234,-28.153488,37.0335,5.1707954,11.033075,-3.5990438,-5.508587,60.948685,58.07997,-82.58437,-1
11.37031,42.68981,87.9111,60.059883,45.992733,98.52602,-57.189735,85.57605,-72.19444,-8.307068,22.452612,-11.628019,-23.052029,-41.557137,36.321922,-42.397614,42.082443,-44.71855,-1.2309799,42.827446,-1
-17.451096,-9.628114,-6.0080566,4.697995,30.374218,35.56647,-22.531368,126.97958,97.166626,20.366045,40.06088,-43.37726,47.105385,44.06637,11.5398655,-8.369587,12.762505,-17.41372,-34.26356,-79.2303,-1
24.07682,23.941114,36.74844,15.693073,17.587675,100.12495,-23.775417,-4.4606886,-41.01651,-54.679985,-29.15184,-2.2819777,-12.864217,-6.8902097,60.125668,4.68799,-39.809177,34.40233,7.283153,41.136295,-1
-55.65641,24.441872,-75.17232,-27.827805,-7.6813207,18.51809,42.00538,66.58429,27.031357,73.51308,49.463257,54.55099,18.718597,5.5475535,-4.6842957,-35.908592,92.60062,-45.48893,63.326355,-75.672516,-1
6.976757,-11.637091,0.35834312,-4.232231,17.79601,-4.270872,-34.193672,54.554214,-20.33406,-90.71222,5.714201,-3.3430972,-46.844086,-11.2450905,-18.386267,-23.209312,-18.566355,46.960655,-12.066694,-100.93431,1
78.580215,17.559038,-49.89724,-32.06257,49.428936,99.33355,-14.462662,19.625341,22.670183,24.839378,28.272072,-91.59947,63.85977,8.563023,61.973793,-8.896864,44.864353,-88.91199,12.551914,27.747631,1
-60.431877,-24.752655,62.479034,42.999702,28.98927,-47.889584,28.041307,50.388054,-39.295883,-4.7518806,17.118816,-2.9619398,71.94777,-17.430984,37.385628,-67.002556,-10.815073,49.749092,10.941365,39.32577,1
60.633274,19.808065,-44.037697,13.924873,-2.6751995,12.027909,1.8313713,-65.73941,30.07895,-33.558647,-28.798355,13.402263,-36.724426,-68.735214,-57.265427,-37.02404,20.541758,-18.806725,15.586477,-16.261929,1
-61.143288,6.8954077,20.129498,-20.276844,1.0805197,36.910442,-6.0156975,28.296118,34.411858,-24.965252,-39.057465,-47.613342,25.392902,31.436478,8.26078,3.4202557,5.9844513,-0.80239296,-2.2184522,-86.79586,1
50.347744,-19.446354,28.828949,11.644724,21.017088,-35.278797,9.973879,-61.31242,-73.96668,18.695618,-29.587395,-14.773428,-17.571625,-68.96098,29.44217,2.3847327,-8.728825,42.13491,32.055687,60.12098,1
-54.172302,-11.021603,7.166909,49.107143,1.9522486,-0.7116251,23.021503,15.317345,60.680183,2.2073727,27.800732,-80.10697,98.740616,55.37381,-9.810247,-38.57296,23.75806,-10.601738,-37.32048,-77.781265,1
25.213976,-0.13396835,10.059979,-32.65342,-39.7133,-38.673252,8.186403,-56.386635,-45.49969,45.783367,48.724194,35.457264,-62.029964,-79.81774,-10.777117,41.8704,-28.80212,36.515385,2.8455296,92.3363,1
-14.088169,-3.5328178,-24.147131,-28.038486,-10.8140335,2.1348238,35.89814,-49.280495,39.005936,-40.739243,-3.4496593,65.93916,-6.3184853,26.719875,20.068624,-5.652363,33.651535,-3.1215515,20.282135,2.9289436,1
29.780903,-55.85872,-9.7176695,-11.278009,28.973219,24.091217,25.478012,0.6555834,-38.533867,-57.796463,-68.70197,-114.73309,51.72769,25.100166,-4.794015,-20.32912,1.3276205,-5.885723,14.112787,-114.6934,-1
86.262764,26.274841,-36.23505,15.200235,-4.674999,59.014923,32.860146,8.00807,1.1929264,-11.436533,40.138767,71.8735,29.55434,-36.681877,61.744064,27.115984,-80.54003,-20.9324,7.977623,54.112087,-1
142.44017,35.64364,124.10686,-53.67195,-46.44425,-31.754578,-2.6044245,12.590105,48.559624,50.7703,25.940372,-47.996582,-81.06633,15.997692,-23.193779,7.6586742,-6.9028397,75.49628,-1.1524239,-15.617947,-1
28.5257,47.93811,-69.50542,16.297125,0.21591759,55.410923,-10.270106,36.352154,29.138653,-18.02059,13.9530525,7.1848288,11.626839,102.008125,3.772255,68.98339,-171.80685,48.253723,40.7748,16.667603,-1
62.389492,89.32059,37.246513,13.019733,19.050686,-1.1217651,23.11266,84.41311,-16.38594,14.423258,16.64032,-53.95085,28.077374,-17.048382,-17.47772,-1.7689438,-25.99122,38.2789,-27.769815,45.225082,-1
72.517235,174.61148,62.809654,-76.99289,-55.170494,-18.560928,55.50007,64.1348,16.900612,-1.2192001,-0.7501564,36.79369,20.39993,-0.7368789,43.730637,27.797888,-30.687693,107.91557,0.5210433,-69.07595,-1
-61.40129,148.72466,-89.45149,69.33386,44.885647,80.98297,-36.2234,119.42932,24.117966,41.82256,-34.28804,41.560066,69.5868,-1.443985,-24.908344,8.381526,16.457937,71.05933,-22.075344,3.2322693,-1
28.34198,209.24927,-76.097435,27.371222,-28.23226,79.429085,17.363113,-3.6174994,-14.196495,5.134548,16.014465,50.768997,-41.992504,73.36371,-24.716812,52.12497,-57.298298,50.98984,59.71514,30.671349,-1
-41.662704,79.63877,38.946537,43.226387,-81.37606,89.358475,45.415817,103.88431,22.52595,28.296692,-16.26657,-27.999475,13.6416855,29.359383,-11.641415,6.9295473,35.98415,47.72624,-32.502052,113.53474,-1
32.192818,40.281822,-12.655817,17.499832,18.617134,-18.2273,70.09654,-49.318344,-15.8522835,22.097256,-4.3252897,4.502657,0.29088545,-65.61082,-18.831278,47.120125,-42.484447,7.3531494,-11.450733,-28.601906,-1
-26.02026,71.237,-4.440931,24.276295,-42.397972,70.82371,11.386042,46.979507,-51.084587,104.57191,7.7444715,27.92107,41.44179,35.509182,7.14472,26.444462,24.668419,10.4080925,0.44738913,74.85298,-1
-26.927807,94.43326,28.104496,-31.75391,-12.622259,-34.540997,33.17155,-10.210709,31.504963,-58.944427,12.111668,4.9161234,17.360785,80.46309,-67.28637,65.06613,41.377705,40.381493,11.213484,-76.06456,-1
-25.140554,21.777403,35.9609,56.222126,-32.00271,19.916286,51.696793,-66.54532,0.37300014,56.007515,57.69071,18.842838,-11.975922,52.722763,2.3591468,21.505623,1.5516615,25.653936,17.717783,-31.64114,-1
-1.5001335,1.830184,37.98975,-14.389477,40.85004,-60.989002,16.580425,-50.26817,6.6411324,20.28876,-39.771896,30.152767,12.861141,-31.758146,28.140354,59.3312,-0.42354584,-37.652557,-31.446163,129.86337,-1
-38.465927,-42.759586,22.858223,58.43143,-29.323812,77.95585,-14.84937,32.557373,26.014751,65.901245,35.21353,8.536289,6.1747913,25.576088,37.330925,-9.182875,43.872093,73.39907,-4.6813145,35.51353,-1
-67.54732,25.709436,47.909798,37.59771,-33.95755,-74.77182,99.72235,-101.49654,-33.954517,-47.890976,-9.783253,43.200012,37.69032,-21.251188,0.3758831,7.8459682,55.149094,-29.668356,45.133682,-10.755257,-1
-128.36418,-26.800243,27.813768,-4.571883,-15.577286,60.255947,34.426975,-84.665764,40.97868,71.164825,14.235842,29.349243,-47.303204,6.2371883,13.8068495,-56.041344,69.09079,18.61891,-18.017073,24.85695,-1
-65.60589,72.42584,0.12344742,-1.2521763,-58.928787,-76.6369,45.367783,23.160107,36.2414,-80.23453,-13.7225,-13.820866,19.760433,62.455696,-0.7023759,60.265804,42.476303,-22.202408,-12.765661,-54.322388,-1
-85.47115,-74.623856,85.65553,63.36687,-44.014194,-15.827978,40.395947,-117.66433,8.267718,-2.808073,57.603664,23.572868,29.959415,-48.69835,-37.04776,43.08881,9.130348,50.985016,-22.083529,27.208664,-1
-66.80719,-36.26863,-43.46836,-36.698227,34.164707,-94.504265,78.09472,-112.78552,35.25364,66.49764,-27.860485,-19.232796,33.816124,-1.7149734,50.563393,-5.596527,30.682688,-39.51192,15.356864,-23.070023,-1
-81.98824,-84.28108,4.493824,-85.514854,-44.105865,-66.64778,64.85288,-92.96178,-30.835087,-21.028574,18.919168,2.2363873,-53.43875,-65.97655,-38.16728,-7.8512235,49.813515,13.360444,-8.570351,41.318607,-1
-30.051552,-8.032726,24.693508,-30.852407,-64.11994,-115.502396,41.38223,-143.76581,64.92465,-47.190323,-4.8450756,-13.583807,50.737156,51.09652,32.90864,19.522835,28.990355,-2.134224,-6.4755173,-3.015541,-1
6.250496,5.5311737,-2.719963,4.685236,-7.627903,-135.25122,54.130768,-126.4493,-50.752586,61.023884,-22.165735,-2.965332,-51.889145,-4.866289,9.608669,-8.155081,8.735138,-0.24454546,16.209541,48.69137,-1
-48.8665,-3.966938,-11.047985,-34.53813,-30.421764,-173.67574,44.05905,-102.4411,15.196234,7.388856,-6.781309,4.318429,48.591072,-17.948074,-8.353942,44.747486,54.216373,-8.753782,-5.9072223,0.48618412,-1
30.298912,-85.150696,19.377186,-18.191843,-32.34162,-133.58087,49.296883,-222.41293,-18.139427,29.247011,39.9383,-3.9257984,15.752832,76.4717,-2.104436,-8.601913,54.825645,-42.249187,-2.9544563,-63.698177,-1
-19.395092,6.6060276,42.972004,-13.730688,-21.778316,-98.06148,57.76114,-83.409836,-59.133606,-61.681454,-8.784597,22.743637,6.820158,-43.906227,-34.66342,33.870422,-9.9131365,-20.13562,26.614563,83.94835,-1
36.023117,-117.36774,-23.026842,29.170412,-6.650896,-124.56287,54.836185,-119.995995,31.157265,7.018113,-11.801535,-7.5323668,18.384298,102.002556,43.32453,-31.086826,-15.547959,16.011353,-10.880221,-62.302177,-1
-7.1220894,-5.656687,-18.783768,-4.2448435,-17.174997,-115.67323,26.06427,-150.3164,38.494843,-37.908157,15.597122,7.5512877,-0.87371063,-97.50224,-51.88176,39.030434,50.962364,-49.351456,9.098894,18.341103,-1
-32.811905,-14.1680355,25.188787,-66.485466,-16.763168,-107.62349,36.14685,-26.767723,-13.704653,24.637026,-14.393015,-6.1682835,-52.34889,-12.144177,-5.778741,-21.798485,0.6344738,-7.133524,6.9295025,-118.30011,-1
91.81092,-93.43813,-1.2157202,-15.660572,27.210125,-21.880444,27.636274,-99.407974,-38.91827,-33.798344,-45.178967,-38.65693,18.775139,17.242546,43.262405,-88.010605,49.93261,-65.0606,-23.548195,52.308105,-1
-7.662964,-51.96978,-0.69042015,43.046066,28.71732,-180.22638,52.145306,-116.61656,-21.230791,8.71115,44.083523,53.542343,-18.28087,30.882767,-25.248997,14.706951,-2.2279263,-42.41714,2.81466,-109.05667,-1
-34.91416,-39.352524,-33.025677,-45.28352,-75.563095,-106.8232,-49.03817,-179.04991,1.8305893,-0.2268982,-9.29879,-40.027985,11.28526,-36.409065,80.832565,-33.41758,2.3867836,5.9505606,-5.537714,4.4898815,-1
-6.798442,-69.89552,-29.601242,-19.39014,7.8737106,-52.481796,12.356803,-108.42195,22.766682,-19.162294,-15.513645,41.457638,25.237457,-78.863686,-80.69352,46.066216,78.35226,7.007655,-13.179444,-98.0539,-1
13.672644,-72.80989,83.44606,-17.622902,-20.647234,-132.59851,72.3822,-63.465485,-59.212456,-25.944975,45.39242,5.2375436,15.7684765,56.013313,-48.48597,-19.728252,9.127708,-84.3197,52.72057,7.9169674,-1
-15.407333,-38.043106,-42.705177,-11.523275,10.262011,-70.498436,31.370052,-55.14631,39.345078,-11.745497,-21.48116,53.385273,65.81675,-25.730402,14.986671,39.857258,20.299604,-68.172806,-25.989338,-43.292946,-1
-18.57746,-48.637814,-2.3150043,-22.867735,-29.149454,-162.44328,11.084883,-200.67427,26.140339,-24.653706,10.205957,-31.837765,-101.46369,-40.57718,86.15639,-18.003666,53.352383,-4.486039,16.147331,105.29697,-1
14.974453,-81.02251,9.902452,5.927603,-31.511518,-133.5597,72.184074,-14.418304,-1.6554713,56.28656,6.7299023,-9.411073,29.696709,40.07904,-17.840477,-16.302217,36.266403,-71.21746,34.742645,-99.65434,-1
21.619953,-110.84564,28.86153,-58.0139,-15.65278,-50.801666,58.27012,-73.460785,48.972233,5.5440674,-38.008987,-16.643206,20.509468,-26.272535,-0.9085603,32.333843,33.07689,-17.795237,-37.313454,52.360374,-1
-65.090164,15.362771,-10.953672,-4.1896963,-6.1538677,-59.83618,-13.76036,-93.23103,-40.398254,-25.928627,29.78329,31.764034,41.187675,-28.73741,3.808014,27.39675,34.772564,-16.418646,29.555763,22.871933,-1
-20.122921,-48.325516,-4.578269,38.54042,-26.717646,-29.59683,37.268723,-103.62448,-47.555374,5.717249,39.652176,-60.470165,-36.87122,57.20165,-20.264904,38.694546,-34.007942,-45.705738,-31.750317,6.900894,-1
-1.8126421,-45.468994,11.046805,-49.66803,-17.746666,-87.20942,4.557601,-111.54744,25.492218,-41.92083,38.62994,1.6141675,70.47428,-28.143717,15.64293,-12.533774,25.93943,5.6171417,-21.295843,-35.457123,-1
-25.446383,-30.688578,10.28227,7.893418,4.0596294,-99.43629,-8.003841,17.217083,-20.772038,30.28223,-28.608109,2.5195675,-65.66997,21.98107,-3.4774246,15.859436,-3.6332111,-70.80884,-23.866667,-13.138231,-1
14.406918,-27.616959,-8.2731085,-57.925785,-5.2094307,-53.03394,37.425674,-60.443363,-21.236141,27.615244,39.18074,23.251633,44.86933,-26.198578,38.57386,-29.553902,2.3685627,27.95842,16.402792,74.79886,-1
14.096682,-48.34646,1.6562004,10.839584,-32.501793,-56.135895,-12.932475,-65.375885,-61.179375,0.34184027,-17.657879,19.881977,53.416782,12.510619,34.071945,-44.07991,67.365654,-25.182856,29.98133,48.796112,-1
-10.987018,-25.461077,17.871584,14.990135,42.09331,-70.812775,42.611137,-25.191319,27.83887,-17.768204,-23.613094,10.951395,-82.82034,-12.530342,8.838452,82.77223,-60.203472,-37.358788,-8.206238,-103.20703,-1
16.03687,14.647953,-43.267715,-15.618889,-11.828091,-33.586605,-10.292681,-64.057686,49.85148,-35.151142,33.22385,16.706343,-36.227913,-92.41111,-47.56072,-35.42717,48.224163,-17.621817,-19.700684,35.321854,-1
7.719985,-23.468052,2.8557549,-43.68086,-29.570515,4.769827,21.938557,-43.992374,-15.127124,31.600948,-43.377083,9.173401,90.95587,84.966095,14.105397,-31.105785,-35.950043,-28.310658,22.728294,12.514835,-1
11.747591,-39.961884,-50.05825,1.2311363,30.210869,-90.67431,-42.51364,-76.749146,-32.153805,-14.757408,10.428125,-77.97832,-59.104324,-20.426805,12.609978,65.90292,35.639896,-69.2272,34.68299,-11.352238,-1
-49.80937,-37.50943,57.14081,-14.149048,-3.54244,-35.170845,9.122065,13.461573,30.905079,91.81018,67.95784,20.706377,-32.952904,-14.8713045,2.423502,-4.498122,-3.96536,-6.6457253,8.5734415,23.332375,-1
0.78046227,1.4718609,-35.21666,50.338852,2.8344345,-27.136852,10.63001,-29.160679,-52.751575,-23.602158,-33.214443,-18.73578,8.598543,-27.829752,20.34375,-5.9463587,53.80384,30.646627,14.084339,34.12187,-1
22.689083,-31.465729,-60.750313,-30.811674,-10.769434,-53.803185,-38.007,-77.181725,-9.232472,-7.691004,16.075237,-12.130448,-3.4975986,2.1436255,-60.33746,29.928272,-20.285458,-26.74128,-40.545605,-62.91263,-1
9.496803,7.546232,35.42325,10.529629,-73.97658,-46.177574,6.1772423,18.86599,-41.39745,41.956566,-24.707418,-19.657799,-34.803688,-17.603882,3.8282242,-60.12427,-49.90175,-30.697962,47.524292,69.194275,-1
-45.3744,-62.277546,-38.720726,36.27182,70.34345,-67.10025,3.3698301,-25.46607,-18.361704,-81.48035,27.29155,-7.94188,33.358154,-9.431953,68.30229,-13.048268,25.99729,-58.32642,-49.7666,-80.665054,-1
43.40393,22.518623,6.307433,-25.407314,-39.21182,27.145391,-51.367935,-51.506645,-17.22939,-30.722439,17.104633,41.92797,-31.041079,-21.267284,-24.575066,-45.14197,19.01268,-20.184502,-28.855522,23.274624,-1
-36.70484,-41.58695,-22.729876,12.391081,-2.29741,-37.88882,-2.252787,-87.19009,41.134186,84.264175,26.34648,-16.858656,37.4423,32.367958,27.142876,3.0635872,-23.014584,-43.634956,14.462341,169.55318,-1
23.4823,31.135784,-34.60772,-91.18484,-7.6344905,-47.96223,50.00944,19.936563,-27.72054,-24.617092,-29.04288,-43.934162,-74.63461,21.106222,5.17165,4.814312,24.360123,-2.3790474,30.515598,-209.07542,-1
-75.86829,-3.4108505,11.253374,15.408317,63.859238,-29.841629,-55.502655,-38.995068,20.870827,-8.710803,-11.265635,18.426321,12.441116,-103.07212,6.380004,25.274918,-29.414833,1.2648983,-1.5835879,77.355705,-1
68.62694,-123.47223,14.067196,-17.396883,32.95259,13.078341,-10.13368,-74.57904,-38.577896,-14.906113,1.8327427,5.33113,20.746891,26.341503,-54.430965,6.065772,10.690468,-39.999542,-11.98359,-20.298798,-1
-67.33318,9.410314,-52.035137,40.497765,-58.653812,-95.30304,-22.423672,61.054863,38.84421,-33.55543,-36.35724,14.17081,-19.07411,-60.384766,-73.07342,11.836082,11.397859,14.830896,-2.9511414,-65.38181,-1
13.792931,-45.098103,43.75483,-14.417886,-7.1652956,50.058807,-12.943506,-71.093895,-9.946514,49.541557,26.628124,82.754166,-1.0331821,52.80848,102.26354,-54.720882,-55.118492,-60.91293,19.63243,36.794262,-1
-7.6991596,-18.840595,-8.2085495,4.9728355,57.198025,-45.19084,23.809052,-5.435728,-4.9496813,49.685364,38.987732,-19.586498,-30.594112,5.684436,4.995005,59.754097,42.693844,36.661137,10.699163,-14.5028,-1
-28.952362,-70.43553,-20.079828,-20.924355,-25.05482,32.86184,37.12779,19.500505,-10.544771,-47.924095,-76.47749,-12.786415,63.70056,52.155697,-52.015945,-12.776448,17.061283,-28.255817,-23.182575,-59.645885,-1
-29.339333,65.70706,3.555832,-4.3383713,8.804023,-49.816143,-51.97534,-30.17464,17.692286,8.014639,58.60295,-50.05195,-21.878819,-42.81572,21.646523,-18.898716,-44.096733,1.3535757,-3.226493,55.56246,-1
30.519825,-28.584858,-59.202763,4.258316,-53.414303,16.077763,22.78685,24.487677,-27.028128,-12.946748,-15.708149,47.80417,2.6508904,-12.307953,-47.073357,81.00306,34.796364,6.4670143,38.800167,45.023567,-1
21.451422,-4.360815,43.04507,23.491302,87.48297,-6.1354256,8.39716,-9.160028,-22.95914,-27.219015,6.1053724,-12.295303,22.356045,21.811342,88.10516,21.354542,-16.329521,-27.312012,6.598772,40.897324,-1
1.0976048,-23.096985,19.558262,42.20134,-16.196117,2.7242584,-15.92952,-14.562767,50.66892,15.450666,-5.811902,27.823967,-69.775116,-34.91732,21.74972,-35.87841,66.40254,-64.71573,39.430496,8.614459,-1
1.1408725,-27.113169,-69.213104,-48.06276,-23.24102,-15.541876,24.675308,-52.945965,-46.603897,14.944344,-1.7764034,-13.338433,68.041306,48.067368,-13.702439,57.627434,7.6778336,32.0328,-8.213175,-43.016697,-1
0.93169785,48.576355,41.961296,0.21442652,34.8738,-13.433413,-24.154297,18.829933,23.470095,-6.994341,-8.37576,8.735154,-57.734444,9.642857,-14.86963,-26.44981,-35.261963,-57.44389,8.073825,95.939186,-1
-49.540436,-75.02321,0.04920578,-62.311554,8.681999,54.852077,4.1809473,-25.019646,-30.05531,28.701818,5.3774495,32.45293,16.513657,-49.410057,-34.111397,16.82151,-58.92199,2.9824162,6.4898987,23.487263,-1
32.23258,36.94677,-6.9774227,38.654884,-1.8694401,-44.267235,20.525368,-28.651043,27.64776,-30.228966,20.548891,-78.950134,-26.016544,82.730286,-46.204407,-47.575188,39.33667,-18.068352,-13.362354,44.377644,-1
-9.784628,-36.275627,28.807617,-36.31929,-36.50967,22.854992,-24.712353,-37.6113,-28.890451,72.136566,-6.435461,27.891573,14.749198,-82.98243,19.548098,62.00744,26.052967,20.58316,1.5343513,-115.99094,-1
-15.517797,21.702175,-8.842969,60.668324,89.13918,7.40613,65.07325,47.762802,-12.631926,-73.34905,29.887358,12.714403,31.879673,69.625336,-51.716892,52.251457,15.521825,-17.005722,42.333405,111.31144,-1
-83.78807,29.529268,-25.854637,13.507039,-20.968273,-14.015358,2.7206955,-67.3977,47.111683,81.82442,26.346022,-16.862011,12.891159,-43.99836,0.39299393,-46.496975,98.98823,-18.77564,8.660621,0.93387413,-1
21.421577,-1.8842852,43.24906,-42.753162,-52.27964,-54.187542,-34.055794,5.025232,-13.342061,-20.796104,6.1035757,40.739067,-28.181051,10.402118,106.10849,-13.474943,-12.802399,22.651455,9.038915,-10.744936,-1
-11.106838,12.947136,35.906273,15.246155,-15.073248,13.221918,38.415073,-23.363667,9.551352,46.486496,18.758114,11.421476,33.319176,25.648264,57.186478,47.724335,-27.409866,-33.030098,-14.757455,88.335846,-1
34.0831,-10.12952,-52.71541,-45.984707,48.613632,-2.8305492,-8.749549,-37.54233,-31.623804,-44.769638,-18.94807,69.66881,20.021336,-9.2641,-52.66655,-7.2444963,15.50937,26.868004,-17.325735,59.641,-1
-53.396294,21.165098,-13.537377,31.007805,-3.1010685,4.8753138,5.0753593,-6.0905037,28.939209,81.07736,18.050692,-66.879944,72.38046,-6.620762,-36.212593,38.84587,-11.876492,13.041038,-16.389458,-7.334374,-1
46.510414,-60.567287,35.12133,-55.575676,41.329117,3.448605,-2.6216068,7.588402,-53.666283,-11.967455,59.184658,35.659496,-57.146652,-22.955065,51.84782,14.88769,0.7968826,-26.305338,7.996429,-60.78111,-1
16.057812,71.80768,10.580849,-10.732618,-0.90707684,-6.246441,-10.127186,-45.857887,32.269375,45.653168,-24.845974,29.409847,12.699844,40.017124,-63.529255,-36.9598,6.1020317,-50.561203,-20.40067,78.10314,-1
16.01944,0.80311775,3.9042263,-22.157103,-40.22052,16.494072,72.92456,25.337938,-38.103893,5.504669,55.894657,81.66007,-34.298763,14.430048,32.347298,60.229836,3.017537,2.4603825,75.21207,33.039936,-1
-33.871403,-22.278837,49.572346,11.800926,-12.868332,33.272842,-81.72073,-7.9623795,43.778786,-34.815166,-62.604836,-35.57097,56.646713,4.306262,20.7477,-0.3426876,33.852367,26.505417,-13.496651,-50.87936,-1
13.208544,81.48149,41.426983,-24.791157,48.482018,-13.382725,32.45893,43.012886,-25.235994,28.275309,36.918842,74.11168,-16.460827,59.470245,4.1879187,-42.15988,10.747197,4.2718067,-19.025133,105.311966,-1
-4.9751816,18.70845,-60.445835,27.523014,13.903379,7.319273,1.0928845,6.784733,-8.4574795,1.2686138,-23.662056,-102.73209,39.764633,46.11636,-44.90207,65.62685,-112.217445,-3.3970919,7.238058,18.4623,-1
-29.402878,-11.476688,78.68414,-18.088776,-29.868513,88.63832,-26.94414,-25.949364,-33.699512,83.37211,-10.536725,27.905777,-70.579475,6.0737,43.058834,-97.91162,101.86867,11.591429,-21.133785,24.447338,-1
10.284132,-14.021284,-34.754055,81.309814,6.4943733,42.19073,52.024017,80.82666,35.174263,-30.975267,-25.772734,25.588799,43.54297,-80.91988,-31.786957,91.99574,-72.63611,-1.0097203,63.50749,60.738472,-1
61.79737,-9.134753,38.985443,-20.618044,29.7164,22.963121,-7.969469,18.901583,-42.040024,26.817005,37.35614,47.401344,1.7489166,59.190956,-2.105771,-21.049526,4.2161283,-1.734664,-15.14682,74.84955,-1
-61.181183,40.69952,-9.183929,41.90821,24.222462,-10.262292,12.695436,-60.930534,-37.36975,-9.114074,13.017513,-25.504765,-0.9636135,51.81621,-34.68769,25.99694,70.80379,-10.678581,35.249275,-6.2303953,-1
4.594303,25.568493,-3.356758,29.974741,-41.88626,63.143753,-33.971657,70.27725,27.839985,17.846394,15.908356,-22.301455,-19.944454,-30.249979,37.733856,4.1301656,-70.82461,-24.863773,-41.28322,-17.643162,-1
3.547906,-8.779444,3.7313418,-48.92308,-7.014385,84.7274,51.318436,34.59826,40.417404,68.412285,17.718987,40.927773,16.998844,-28.506634,-80.64705,54.099304,67.76804,16.930498,-38.37268,-8.1867895,-1
-8.807697,33.61078,3.4189086,-11.226261,6.0402718,-41.941734,-16.177156,37.90576,-28.631086,0.64757156,28.641657,23.068005,11.844254,67.41853,89.18952,-6.0045967,-2.53761,-13.62253,55.394268,32.8737,-1
-105.97023,-46.770065,-29.525024,5.66681,-42.64615,50.31242,-30.723915,-86.37784,16.36698,-42.717888,14.086479,18.167046,20.783617,-35.025055,9.372733,-9.357419,-37.898464,21.959997,4.6194763,-11.08445,-1
-3.5360646,63.53348,-25.940235,76.96756,-37.681328,-9.45582,28.723455,33.01908,-32.029312,-15.115416,-15.421066,-69.82579,-90.80634,-58.97075,-42.923508,-12.036405,-1.8597183,-48.01953,-15.470567,-40.19762,-1
70.73572,-61.4206,-6.768561,12.9658375,6.3534155,14.944714,-11.876073,-26.200497,76.03945,17.243837,29.077942,16.673204,22.03688,-8.230237,-6.970596,67.14844,-1.3790388,10.69688,55.52107,31.187939,-1
-123.64901,26.58346,-61.413914,-51.177803,0.26139402,5.3603287,40.196095,16.61084,-91.46338,-3.2612429,3.6508865,9.415251,16.891674,17.361214,51.29674,0.7633581,4.8457527,-18.061852,-25.02542,20.95604,-1
65.358055,-37.473686,-5.4548416,-13.37748,-7.303883,-0.527915,-45.174255,-15.887635,0.9638691,43.812027,-23.745476,-21.265953,25.605192,-22.96319,-4.3650837,13.068672,-27.179047,26.031778,7.1850653,-118.59852,-1
5.051318,-15.103443,9.33844,10.785683,-21.357594,-33.69986,-49.547913,26.026276,-9.283308,12.349558,-43.132496,-15.664677,-65.18507,-14.078049,14.280887,-45.577843,-28.381752,-36.399117,-21.613922,66.00345,-1
-69.31119,16.69434,-59.628925,-53.53727,-41.3601,7.280388,52.846684,21.166138,-8.895879,-2.28022,40.768837,56.189667,46.930332,100.32325,31.100168,27.182758,-0.004828453,-30.967745,16.606148,-3.9335728,-1
62.086327,-44.265057,6.6698537,78.22372,5.348724,-29.432877,-12.453443,-33.475883,25.997602,-3.0986118,11.813389,-6.661436,-70.558945,-109.59765,-16.828308,35.343273,-47.894478,9.116924,41.005306,48.765022,-1
1.6503525,-19.833664,-8.030149,-44.01134,-14.7832775,4.1654053,14.351097,-17.32956,6.454034,-16.359509,-25.177965,-24.618732,-5.293391,-13.207234,-6.6961894,-45.606403,-0.10379028,20.56741,-63.37091,44.677555,-1
15.481959,25.969574,13.260426,-14.099835,-7.211816,-20.065498,-38.67389,-28.937603,-53.98419,35.787754,-26.932888,29.551321,40.3365,51.397087,-9.317125,38.07402,100.69144,29.212835,23.298523,-66.576324,-1
-10.828111,-23.119066,-27.39945,-14.527422,8.308834,-2.8298187,39.423096,1.9073763,63.93796,-56.61274,47.66587,46.45288,-31.455063,-32.182194,30.332424,30.222786,-22.266066,-53.285477,-2.7028255,23.130814,-1
-46.315624,-24.555088,66.39288,-52.12339,-0.58449125,50.825546,-28.039513,10.959204,-21.369034,23.849281,-42.82711,-24.44218,25.805147,48.316578,-53.24466,-11.542042,5.177231,53.471104,-30.641033,34.58274,-1
-35.328926,40.411316,-3.1342034,30.162697,10.999546,-82.282616,16.593025,-15.38427,-15.201004,61.98481,1.2809219,46.431213,58.024162,57.50185,14.33188,2.4310665,34.497204,-28.359554,-2.4099903,-87.18192,-1
15.452145,15.942471,7.0658493,27.758263,22.492268,36.919415,13.664599,5.634571,14.31913,-4.276413,16.000593,6.8526173,-67.44588,-35.66808,49.719997,40.56563,2.8008718,50.39521,34.669693,130.62883,-1
-58.71158,53.577347,19.359837,43.86239,9.015757,32.12041,0.81442356,-24.205606,34.613483,2.106155,4.344843,33.041355,35.71862,48.770943,-37.455437,-5.719345,48.108086,-51.94975,-10.277678,52.08643,-1
97.614876,-63.12123,-38.718197,-24.886086,39.19933,-61.871254,35.194153,65.59624,-6.5471187,19.63313,14.36036,71.13437,-0.9495716,-14.585915,54.98142,-66.65111,-12.912052,51.676144,-7.3610096,42.22017,-1
-104.29875,-50.59324,-70.27932,28.426563,-99.79071,-6.602007,-20.83039,-33.546455,33.2704,-11.597261,-43.46121,71.51053,24.679697,120.97586,-36.147667,22.247355,36.437237,51.63211,5.8251705,-4.650049,-1
-17.635586,6.8010426,68.18211,1.7394094,81.00457,-18.7123,39.87208,55.21993,-12.802946,62.125423,-21.545782,-31.535887,6.5738163,-32.18316,34.778587,39.40486,19.077549,-9.114546,-38.62494,33.45346,-1
11.254904,-28.46329,27.457403,-1.0498352,5.2303104,-26.88551,-26.556095,-54.64086,8.669453,46.662617,38.701134,12.050445,27.326069,60.993393,-20.943005,-86.035,11.6303425,-3.3001165,32.01426,11.968521,-1
37.499664,-34.187744,19.84841,-34.49391,-46.1736,6.004738,19.180641,39.96901,6.6245995,-87.91118,-2.039463,9.140257,-43.879505,-4.6732664,-2.1708546,77.31476,-31.173428,-12.235548,-4.653713,77.33408,-1
0.24637985,-9.347175,-1.9960709,76.273315,33.794685,3.6962948,18.440582,34.423058,11.540384,36.779453,2.6043794,5.231699,72.74428,72.16432,28.343817,-11.851183,41.95494,10.3496475,-12.905903,-76.34378,-1
52.68843,24.723375,23.32428,-5.4706516,41.063675,-8.542583,-18.519417,-97.06659,-4.7891817,10.9319515,58.742405,101.63982,-41.539574,-40.581253,-6.398261,-30.681114,40.733246,-27.659777,10.008092,43.542343,-1
-6.0085526,-54.59971,-46.64686,31.368359,-20.602907,-15.563963,19.475471,20.502316,23.794872,18.139832,-4.06007,-36.405586,2.096262,-19.235619,-4.8667345,-12.384758,-10.488427,78.32266,33.443653,70.349815,-1
-22.15903,13.704266,48.455826,-16.732336,4.6692314,-50.65748,-25.380001,-38.80863,-6.595875,-45.9154,11.100403,57.200245,47.542786,69.780045,26.374386,-68.969574,100.4841,-39.720833,11.25935,-112.15335,-1
26.00306,26.061985,20.892864,-20.764091,-1.8687251,-0.9668369,24.849567,15.62293,4.470011,4.4287157,-1.1005721,-78.015495,-31.558502,-6.651549,33.042183,15.333597,-32.858414,22.701155,-38.52767,58.907104,-1
65.900055,-38.59424,-1.3740823,56.043037,21.312975,-40.36969,-79.29886,-51.43698,-1.8066356,-13.926216,44.025692,75.7684,69.869026,-22.261168,10.30201,34.75783,43.514915,-1.851471,29.938234,132.1334,-1
-17.799107,-49.242737,42.989326,-2.069188,7.2185607,-27.938387,85.40683,107.12196,19.150114,25.762913,35.395874,-23.661839,-5.3665676,-14.928676,67.826,-41.011997,-36.02632,-9.946878,40.121307,-67.33802,-1
71.89465,14.192917,14.471409,-3.5438538,-30.659428,-9.962101,61.22293,-37.827682,5.7942543,10.205835,-7.522311,1.6920567,24.054993,11.512549,11.533713,-6.095316,41.582813,17.13777,-31.363598,26.878426,-1
-78.06583,21.695612,-27.560005,62.74355,31.821613,-33.081413,-42.619255,-27.283796,33.539722,-40.319077,38.277702,17.728355,13.571683,48.08547,-72.20526,52.18554,-7.807467,-13.55599,15.628692,-51.40361,-1
63.593613,8.287709,-60.992676,12.880259,-96.58086,-11.975651,15.030433,-8.24432,22.026285,14.786387,29.19091,-9.774033,-2.670289,-7.2072086,-6.2986383,-34.88561,20.612375,34.03726,-8.318034,-60.87611,-1
-128.8552,-12.1621895,15.741,-10.653923,30.740208,22.549604,83.92738,13.148418,-34.164207,-52.388912,-53.62004,-3.6187935,22.825275,14.714268,38.93598,-2.0061283,2.8703036,-53.733524,89.1492,74.78761,-1
68.654076,9.164761,-11.278662,-47.532406,-4.7794743,-48.097923,-24.188465,-40.305527,2.9573364,-2.0573692,67.29577,33.061886,-3.8294907,-9.303449,-41.05513,39.608803,-31.363342,37.85092,-12.868161,-129.17609,-1
-6.588753,-12.8300495,-8.9514885,42.441902,-4.675276,36.20393,-0.69286346,24.646965,13.09948,61.354298,-54.169975,-15.1202545,-29.126568,-88.10734,18.078587,-32.80471,13.232206,-20.776615,-31.123459,16.96896,-1
-16.950556,25.83823,-38.489307,-14.637385,51.180717,-25.737202,26.346607,-49.921444,15.392746,-65.21923,44.22002,41.045517,53.436356,48.820515,55.62838,22.82488,1.2679348,-22.43731,31.249737,50.035824,-1
21.124886,3.2279816,18.817657,30.167454,-43.280876,60.727146,-9.416041,87.29471,4.0535917,8.696037,-31.21022,-21.323715,0.14904642,12.169202,-78.81387,-25.198854,-5.6579356,1.547699,7.2024336,114.61716,-1
16.159214,-35.212948,-11.22356,43.017757,29.591002,-20.794792,-5.4989357,-42.213844,-4.6809273,45.266052,13.0019,2.188324,53.243256,12.079546,56.367737,42.576077,-47.53156,26.907429,17.01995,-92.93745,-1
2.9218206,-0.6669302,-13.996866,-3.7530708,-31.838726,19.060917,20.3681,23.906994,-14.2941,-0.48835564,13.592319,21.40938,-67.89858,11.943411,-45.508007,12.846773,25.890846,51.44789,-7.335328,65.52611,-1
25.170143,49.10318,16.325205,-22.563845,16.730495,-0.62135124,-15.177338,24.70848,-51.16622,41.998848,-4.6950455,45.336056,-18.265844,31.160423,-5.341734,10.494818,19.437515,21.46976,-36.03446,56.05806,-1
-91.37387,19.600782,-7.424314,41.422195,-39.64955,-63.5614,-11.1419115,-7.638462,25.273722,69.96396,-9.968738,-1.1215906,17.392033,53.388878,16.63999,-15.900721,49.76334,-13.260756,24.370747,-0.10617828,-1
25.64289,-16.386496,-6.254723,-24.810623,-9.961438,10.182966,26.292938,-35.817932,-23.786848,-111.85526,60.15185,42.67503,7.8484507,-56.397827,38.675255,-59.1834,-24.315292,3.3651495,-51.49208,-111.90819,-1
55.40709,-22.274446,32.72352,1.0494289,30.481075,-29.772087,-46.084892,65.37645,-46.549194,71.6333,-16.10964,-30.949099,6.5095825,25.479261,-8.087277,110.409454,-15.96776,45.428173,41.857002,68.88609,-1
-82.180725,-29.239286,-13.821396,-22.599335,-25.506609,-1.0762377,22.426014,-16.913313,-38.161762,-7.7519283,-50.033592,3.6031475,-37.72412,3.9584844,-55.50385,-67.23515,-1.8045197,-20.755302,-8.3037815,-3.0043411,-1
-7.516346,-65.25041,-10.445192,-21.628733,-39.955994,-48.43654,39.501846,52.478798,50.708633,45.682842,26.644989,-26.376724,32.4105,-14.435075,22.414911,-27.525753,-7.4794827,21.078968,16.227718,15.578486,-1
41.026966,34.873974,35.42126,-17.40056,-41.515537,-67.237045,9.252823,-30.700306,30.910824,-96.44742,1.3308682,24.317825,-90.645775,-58.449783,-3.964997,7.937681,22.880459,-18.056946,-44.54069,-28.456078,-1
-14.329359,-19.922674,-53.24231,33.435497,-12.422512,-11.334543,32.072765,-21.822739,-34.18802,24.927753,-28.611921,-22.61516,73.78529,9.008657,-12.845795,15.760284,17.205667,-20.799461,25.073856,-49.53063,-1
-44.588146,25.21382,-29.58296,-35.046436,-29.145685,15.516603,-58.01846,-25.872116,46.93183,18.84293,-25.268188,-24.865461,6.5720224,-24.615204,-12.449882,7.8955593,-15.282322,44.119835,27.394203,46.013332,-1
0.9596338,-74.42234,-30.989182,-6.0513096,1.3618889,-61.979134,-10.79508,-14.852957,-71.260635,69.305435,17.160423,39.374714,-1.0524216,-13.424238,-9.439783,-41.384148,-8.935061,-43.21571,-34.706486,-56.69997,-1
13.54024,-9.946029,37.41713,26.808683,29.46909,-38.820454,-33.93692,33.493687,-15.316788,-69.121025,-26.76878,-12.417962,1.9854326,-10.770837,44.314735,80.93983,-32.832577,50.903282,29.30421,72.50397,-1
-53.648685,-8.422996,-4.6475554,64.41673,-8.374203,56.297768,77.25886,-29.241331,26.868202,62.16558,-7.9703245,-21.914331,9.16659,3.5257225,-29.78257,-40.41487,37.683327,-40.87274,-16.957432,-60.09015,-1
16.952105,0.047096252,-26.390594,-49.60199,43.07267,-76.98469,-59.53811,-39.690296,-11.588767,-34.80719,42.48457,-8.427992,1.3455067,-76.84073,3.857933,28.594528,-22.593912,-35.28431,-28.967182,-43.657387,-1
1.4197903,-17.612446,6.2519817,19.937315,-2.7903624,38.387825,-31.634192,-64.67412,52.82541,-16.186317,-17.921782,-5.171752,-18.956963,15.412484,-59.187996,-53.422592,40.86612,-28.398617,57.722965,34.38454,-1
25.63995,12.190609,-55.425423,10.551828,-16.617392,44.631336,46.60372,47.84424,-19.269175,-0.06226206,-56.616005,-0.12118912,-38.42386,37.4443,2.374847,-17.39305,-27.207493,2.1122766,17.663612,38.473007,-1
-2.8277016,-3.5677643,40.113716,-13.118622,57.820976,-27.142527,37.699364,-1.6452756,18.203915,55.921993,27.15343,96.815926,114.246826,43.993423,45.344494,-12.333839,71.49947,-14.1231365,-29.578117,37.211945,-1
-5.805706,-17.55109,-48.375404,28.597414,-40.335487,-130.80986,-6.089447,11.4607315,8.155327,-50.437138,-14.942604,-19.465374,-99.96962,-56.625694,21.378372,-46.063942,-9.286652,28.596117,52.569706,8.51937,-1
-59.621834,22.85524,59.31066,26.08428,-18.05388,48.309006,-42.469063,-3.408371,-23.95338,27.489063,-21.016638,-0.34972477,28.459877,3.6948318,-34.783737,33.381104,15.390972,-17.98689,1.25458,160.58958,-1
-10.339638,63.23088,-13.827164,29.94799,40.487373,-6.5738335,31.519709,28.641844,-8.316754,-18.307617,46.47017,28.782045,26.085804,37.32581,34.68676,1.4997716,-145.61589,-5.4618173,8.320033,-34.92196,-1
-35.318016,-40.827164,28.300362,1.3832912,-81.8185,-6.040719,64.101685,36.177906,11.118134,24.822556,-21.8015,1.360919,28.73236,3.5342922,-30.943075,12.722892,35.449936,31.693737,10.057645,-95.50197,-1
36.78958,-8.626535,5.676853,-10.948868,-4.791479,-33.666992,-38.893944,-10.510177,-12.027212,0.051089287,31.946482,28.561293,-70.68127,50.350048,-21.649185,35.199966,36.96006,-19.676762,1.8800793,52.166183,-1
-52.465446,7.7863464,-11.501999,20.648548,-34.27379,103.76393,2.768344,2.314467,1.6100245,59.157623,7.3132668,7.195305,16.634268,12.932394,-20.227602,-68.7459,-14.529689,12.431113,3.1025887,36.937973,-1
9.042313,-23.33117,5.310342,-56.00898,27.919582,-89.953445,15.896329,22.176268,-2.4450078,9.8109,0.47694254,57.891685,22.326674,76.76799,40.878532,7.280943,42.346004,-17.7926,22.626041,134.3257,-1
38.716892,3.8879776,9.164379,24.091663,-20.817379,49.774193,-56.421715,-7.6694665,-39.408176,54.370224,-40.92533,36.408768,-65.46721,19.466434,0.25146866,14.499062,-28.536066,-21.613125,-26.129297,-44.821056,-1
-68.508,-15.7068,47.744797,-10.998339,-34.619877,-57.68602,13.483344,34.31095,-4.184642,-52.42272,18.67148,30.18581,58.222393,45.493,5.4328175,9.529972,-40.00111,28.542534,17.164297,27.874313,-1
29.473639,-23.476522,-33.433006,58.97239,18.63392,12.332279,-2.6815224,21.711372,-14.618433,34.38804,20.96281,-15.989225,-7.308283,4.775977,-16.942669,29.281286,33.362713,50.660038,-12.770176,11.194173,-1
16.773167,27.180944,-19.988176,-40.05,-18.649937,-12.238254,-26.216389,-55.025314,29.929916,76.04276,-27.438553,33.802856,-54.433067,-48.86215,-30.598026,-68.93442,-37.62017,-10.317306,-47.365234,-10.849293,-1
-58.837757,-4.1680517,85.82582,2.5043163,15.22208,-18.232635,22.65487,47.154602,32.45967,-6.6753483,25.244778,13.192415,79.552025,63.701363,-21.593006,28.943819,35.219738,-48.995224,41.34627,25.392635,-1
-21.480392,21.619274,-37.51903,43.2349,-32.798496,45.93492,-37.513393,-59.56884,-18.199308,-33.577145,40.773006,-27.85073,-50.808796,51.038548,14.567636,-33.295494,-20.405844,59.112995,-28.319138,49.49247,-1
-63.558083,-20.963116,-0.52391815,-10.277319,23.716724,-50.49868,-28.485435,40.965485,23.575144,-9.388958,-46.90802,20.81248,34.625095,-55.687878,16.760612,30.443905,-25.65604,-23.318138,2.8642864,51.532623,-1
-6.9148827,0.80065703,1.5463867,-7.908842,-20.352505,36.913204,-18.966509,-63.856323,-53.18069,-60.840744,-35.397655,-8.807877,-11.300328,34.777916,-109.13433,-10.66616,-69.58762,-8.541791,9.8556385,-51.966644,-1
31.757843,-12.446113,-9.741672,-51.068707,-27.553741,-24.224949,16.977379,63.9606,25.109976,34.583164,44.261314,-6.6388245,-1.8222284,-49.28511,-1.4923096,76.523415,13.026761,13.558877,-1.7771626,30.547237,-1
-14.3399315,23.200659,4.192524,51.392258,15.188345,-42.294468,31.22984,48.697353,-80.43408,-34.441467,43.11026,-19.396393,-35.08702,5.4359503,36.325462,-89.84926,-54.874687,-13.778121,-5.294611,52.61726,-1
-11.648664,-34.2731,-31.691574,-43.922417,-29.717602,4.8555403,-13.534109,-18.690294,41.618557,-0.5526066,17.49157,-60.50177,25.234875,-4.517733,14.391419,20.85167,-26.747545,-34.65751,13.335898,-45.332848,-1
-42.303123,-3.6806145,9.494275,30.052338,-44.5952,-43.79692,-7.771515,-76.90591,-23.515001,-2.4252052,-49.417175,-14.683997,-25.331299,-8.607726,-42.294876,-33.83557,7.6474094,-5.7196035,-11.871279,24.62914,-1
-60.47837,-65.37335,27.992605,4.3267097,-53.435894,29.002064,-10.025904,59.71536,-8.393708,33.00107,27.296755,-15.480852,-32.63434,-30.550999,-10.161623,-17.061852,-27.321033,-7.01414,-40.174778,19.546011,-1
6.3852634,83.732864,-57.740295,-75.3105,61.355175,-11.916072,-40.612682,-49.002884,-19.666683,-30.394846,15.435286,21.057217,-15.47366,14.861856,31.416168,53.270744,-2.121873,-3.594739,7.188694,-67.483215,-1
-0.35847092,-8.02268,15.910534,39.948757,20.479225,-0.92068624,96.00319,-22.739231,30.740433,18.347939,-1.629225,-0.8226757,33.50952,-2.3719244,5.331415,-36.753223,18.219507,-13.058531,-8.990069,-18.519268,-1
-40.514637,27.621542,-39.319668,-32.09612,34.15398,-9.673794,-86.61972,62.059666,-21.313568,-17.866669,5.1106377,-31.629946,-21.530146,31.654388,1.3411598,-10.012872,-65.80684,33.7416,19.60121,-38.69455,-1
41.266113,-6.5587974,-24.266243,69.04161,-7.2910967,20.910034,23.603813,-74.04478,-22.036697,-37.47622,-16.155365,57.168896,-52.552082,-17.06758,-51.575317,10.80146,-3.7436562,-71.961685,-23.050158,44.952934,-1
-55.453754,-61.548187,63.16866,-57.504025,-58.752,-76.66133,-17.782082,11.685875,-25.624502,8.4887295,-14.901347,-50.077896,-31.289553,-25.372692,-8.225138,-49.57037,11.979605,11.297407,31.128555,-34.143063,-1
-47.67581,10.106569,-72.75371,30.869484,94.55055,19.402279,14.987917,-18.683111,-40.34214,-54.234398,-10.380245,64.45317,33.17164,72.82695,-27.318394,38.992546,-22.77001,-51.482777,-9.086077,-23.280968,-1
59.647827,-6.3145247,-4.8057904,-18.115402,-45.300034,47.68882,-59.49528,6.278612,8.573947,32.363342,13.1884165,-46.82924,-23.003372,-38.285698,25.963245,-52.955284,-41.504864,8.379013,-11.896678,12.268621,-1
