-24.394253,-37.354103,64.20763,-19.794067,-146.45953,-45.79969,26.990194,-4.421484,-114.48312,59.34483,65.96679,136.68262,-54.488045,-104.38944,45.379257,-8.317169,7.747055,38.848305,-25.383175,61.24161,-1
-45.89656,29.321032,-49.19186,-29.847107,73.40732,-48.73162,-1.2533283,-37.509426,42.78984,-18.74526,-73.93984,-33.18353,-9.158919,97.48481,-64.32462,85.590576,-40.29396,-40.044334,-30.929623,-11.213306,-1
-8.505077,38.721664,-43.592728,-23.472145,-24.305082,-46.743958,-56.156197,30.378819,-15.113993,-17.377129,-86.49241,38.00213,-16.914871,46.083275,-10.223131,74.65892,3.2509632,44.680893,-54.009678,32.602776,-1
21.425594,-32.551723,75.92323,72.71404,-180.90419,13.72892,142.28235,4.503254,36.338467,178.37086,180.88441,180.4341,36.313885,-32.32966,146.81844,-47.16036,164.11804,-10.406813,92.92488,220.4061,-1
11.290073,-19.483507,66.58336,-33.646927,155.85014,-2.3842392,-16.745432,13.325069,-32.40168,30.865377,-51.08625,-10.646744,-23.710674,61.73347,58.391792,32.864365,13.475703,8.035293,-25.09713,31.134634,-1
-15.1483965,31.418354,68.754745,-13.06261,71.34958,49.61686,9.018064,24.703808,21.923973,15.017838,59.355858,29.56781,-12.285298,78.46643,-12.397258,71.90956,-12.436512,32.34497,53.089207,64.5399,-1
70.102585,22.664745,126.16417,118.266945,-102.245155,70.616196,142.3982,61.735283,-0.083601,58.615635,158.91983,183.97263,81.17091,-7.054491,116.72492,-67.85344,185.22339,-23.257042,74.75517,116.713905,-1
146.38713,60.187874,53.01742,45.48785,185.84068,127.95334,12.008758,72.09261,122.44345,-11.404211,95.00479,44.726707,74.96268,166.83186,79.46116,81.55565,53.70656,48.57978,107.8666,84.605675,-1
135.07086,91.695435,77.986946,91.682465,202.66385,249.16312,-3.0757618,115.49138,95.886475,80.927795,12.065115,65.07274,153.37088,140.15576,-34.331535,164.29263,17.490643,1.839735,66.29377,30.164,-1
121.0003,100.84882,135.34538,196.57309,-8.492079,280.48648,98.50871,344.13058,-37.04519,120.21224,88.634964,123.680565,201.94931,170.87967,31.007942,246.45654,105.7169,75.36075,36.740337,157.20816,-1
146.2545,-5.948245,61.417534,47.62334,139.20465,256.37,47.32767,225.99728,134.457,-32.141586,29.532814,5.8694935,154.21793,414.30286,1.4539356,617.3639,87.38165,80.77424,54.601894,-2.1662827,-1
112.42768,29.356064,142.01122,116.697044,158.77463,154.92459,103.076675,170.60077,37.791553,-19.36108,51.84879,50.446877,112.898125,294.9078,41.276516,458.72498,59.34504,46.978622,64.06847,78.75794,-1
76.41721,-2.906577,70.68627,194.44185,-21.426746,50.48684,210.70274,79.03804,22.993666,13.435884,116.02319,106.07278,28.130379,28.466097,112.225586,79.25787,198.75497,52.888016,77.57085,99.83485,-1
130.51192,-53.365017,121.366646,22.238657,246.72147,-93.345985,-17.593765,3.4759636,89.056656,-62.42461,73.06422,-5.825989,109.65554,-230.44629,187.49011,-251.124,12.985355,33.945354,42.79003,-4.8612785,-1
149.44684,-51.671646,71.75043,3.089449,93.49078,-104.8631,118.36278,-16.59704,106.67726,-62.1793,52.295998,-18.13714,138.51952,-205.12813,41.46247,-231.40482,148.09042,-9.023909,102.42276,-49.820827,-1
89.53399,-76.76909,181.17007,81.68989,20.448204,-139.10602,168.77911,-81.00693,38.575924,34.45221,146.26932,80.94922,14.122772,-354.70642,248.63103,-280.82446,218.31816,1.2443166,47.481457,-1.8201637,-1
137.93297,2.7326012,93.63001,-125.42519,178.38025,-98.43096,-26.067911,-136.61215,141.45871,-176.74791,41.03531,-159.1668,34.78315,-110.41401,88.70828,-136.07007,74.069374,-30.8442,140.91374,-174.6351,-1
68.072876,-86.25408,70.92409,-52.182243,100.05921,-88.934814,18.43954,-85.67154,49.219604,-56.00562,4.3295984,-137.30296,83.82565,-154.53389,111.559875,-124.97078,58.14246,23.347408,5.0205355,-128.58917,-1
56.024387,-41.437275,148.77386,-52.694473,-61.770405,-129.99501,169.53922,-178.94606,27.453724,-116.12647,118.45436,72.10049,-3.8310452,-223.03363,113.87825,-215.26414,132.86014,12.133003,34.720497,-65.53268,-1
50.541397,-93.78291,58.23024,-36.78401,161.47768,-154.57304,-81.420555,-99.273575,82.23571,-170.07077,-85.60505,-222.88248,40.632954,-56.294865,-30.444826,-155.76828,-62.191036,-88.29518,19.962467,-197.47751,-1
114.9391,-113.423996,35.87858,-99.06112,72.172516,-82.47972,35.54442,-135.57861,66.70144,-127.181625,-5.763507,-147.78941,34.537197,-114.02898,36.105713,-81.023,-16.443481,-61.72889,20.325912,-160.47922,-1
-11.473351,-23.309511,100.83837,64.72095,-100.17965,-66.868515,104.33554,-11.159705,-18.596294,-73.53292,48.49819,29.829208,1.4232626,-215.87222,56.630527,-219.65987,30.594309,-29.012602,-35.42212,-100.110374,-1
27.87148,-19.27401,30.130955,-224.27663,80.78392,-42.155643,-60.25047,-101.590004,86.3639,-118.84885,-4.9798737,-170.99423,-8.326381,-46.041542,-24.175877,-80.523384,-4.618064,-24.768246,17.361507,-153.12296,-1
28.42747,-112.05534,28.873266,-90.569305,30.474627,-43.072735,39.12107,-41.673294,116.70007,-189.10933,12.662952,-160.96625,83.1044,-21.446321,16.849588,-96.00784,24.254066,-32.32418,38.73732,-240.76611,-1
-14.680381,7.4137564,8.703911,-35.081604,-128.34695,-121.22387,166.35722,-14.055007,21.887524,45.89343,83.29081,87.28472,-7.172346,-132.63873,34.861588,-194.6578,68.02638,-38.596,1.7145333,-5.758909,-1
19.646456,-47.398563,29.241964,-96.01269,34.296623,-34.25174,-138.84435,-130.69281,47.03947,-173.04854,-71.501755,-202.0116,36.181858,-80.52925,3.4733715,-9.593163,-99.96217,-13.424355,40.18347,-198.29399,-1
-20.59021,14.197552,-24.703245,68.7823,95.18901,33.853622,22.035778,2.6906319,24.890749,-20.126,35.511505,-26.025864,96.1441,46.439102,-63.68853,2.4984035,5.0088177,6.5020847,25.774986,-20.344826,-1
31.939722,25.322945,119.047485,-26.514881,-63.45537,3.843521,120.419365,0.5620537,19.751072,-6.2963734,74.86051,-5.0301933,64.058136,-72.90565,175.81258,-108.35008,36.6867,2.186451,55.54612,-12.026085,-1
-16.95235,-58.047184,5.3477955,-2.3668985,75.22436,33.023277,-49.64333,-25.196465,144.422,2.4791756,16.068165,-60.11216,11.951487,29.566082,-35.88084,35.777912,-27.29779,-14.8836565,120.675644,-38.15677,-1
-33.386784,-27.69486,12.22035,-9.242143,60.495434,30.44386,-78.65194,29.811153,14.085327,1.9923391,53.450275,20.76482,35.494408,60.34335,20.785751,103.352905,-45.070026,5.5266676,22.724394,38.58869,-1
-37.921272,106.908356,54.532845,158.99278,-148.52512,123.46786,84.866516,101.252335,-18.657658,65.38199,129.97029,64.4613,0.44659996,51.92753,49.25672,-24.700108,57.6383,37.54339,52.508015,58.983856,-1
54.854324,-80.029434,-6.662201,22.57539,78.413704,-45.11511,-58.991016,-4.180374,53.71507,33.225056,-22.27311,-36.399887,63.255478,101.511566,40.232452,53.1167,-36.279728,-21.498451,16.359713,-0.16398239,-1
32.85761,67.8694,7.0912323,28.071404,94.348404,160.22885,-75.63599,79.7337,85.76156,-14.702515,22.30079,9.1401825,61.896767,98.07099,-42.872337,41.522892,-65.022606,38.619766,62.558495,34.043667,-1
-29.722189,0.13164616,47.50007,153.41663,-120.8024,-52.29827,134.03743,1.2972374,-29.621387,124.32288,115.964615,101.63138,-65.57957,-30.43341,49.729176,-8.189667,44.564903,61.368713,10.55134,82.116356,-1
-28.960005,26.838953,12.0024185,-37.5233,99.80482,77.55568,-89.80421,29.230555,23.86882,-59.40012,-71.03604,-67.33632,16.355656,108.87944,-5.1473284,20.831287,-39.585396,-21.850098,-22.717556,-34.513813,-1
42.889153,5.8051577,-44.35534,34.64566,69.34072,-2.5663648,-71.04948,12.768276,44.108036,-3.4952803,50.302692,-2.609994,26.267721,37.893883,-40.33872,-0.17685318,-3.2585611,-8.420351,60.16598,-7.5298357,-1
23.936409,3.365425,58.01378,48.03117,-120.20891,13.563255,167.93,13.382784,-52.84588,81.48091,69.67486,126.59784,-32.758087,-57.85249,91.31309,-73.75621,47.606583,7.2237988,-20.061932,86.167114,-1
56.052856,-32.430595,24.011322,-46.278313,123.84836,-56.46784,-30.89486,41.13422,89.3555,-86.78812,-33.30844,-86.35504,60.343636,15.315109,31.443634,80.69203,30.24316,-49.508972,33.401432,-85.77577,-1
15.435984,-28.102642,-46.00222,12.630016,67.51964,-11.211483,17.982635,-86.84213,43.13864,5.4278755,41.324524,-6.9553947,74.43381,-11.414049,27.229141,-63.662468,49.94736,-8.362592,37.88247,36.574875,-1
-22.409548,89.97841,119.74855,23.984787,-135.20227,-13.420403,174.72412,48.306084,-25.017147,-19.573957,84.3186,130.11057,68.224815,-113.73869,166.23605,-173.80626,131.98935,61.97137,53.170486,70.03009,-1
57.81223,41.729767,25.17318,-42.557945,79.32062,-47.20108,26.164366,-61.379913,109.18472,-33.356056,-4.4913635,-8.211067,146.96945,16.946426,20.655653,-19.621256,-35.0864,-50.712067,8.896624,6.8211336,-1
84.43601,31.12556,38.97162,16.763165,93.9324,-35.11676,-15.234604,-39.555313,58.669456,-9.470398,51.583885,15.638943,76.71593,86.34767,136.50587,91.03956,33.835297,9.67622,69.505226,32.367043,-1
5.6634207,-43.000576,108.55396,51.84969,-74.36568,24.59969,173.29007,40.83268,30.843998,140.37544,180.6936,239.76999,6.287904,-32.844963,46.20526,-51.273582,136.71385,39.131916,75.14577,183.2884,-1
52.00825,-18.51211,53.26173,-17.026085,128.68137,43.417427,3.673666,35.313316,79.00411,43.48147,-8.654808,-11.54866,72.87942,95.560776,115.79675,106.60904,75.57823,48.75482,67.115005,55.41125,-1
98.721436,77.495514,75.221985,55.60415,82.075714,93.65219,-15.428702,28.730764,112.946815,-27.567757,95.79491,49.8407,75.33066,113.57478,68.14547,133.19405,31.777401,15.453272,66.322235,21.919615,-1
6.911126,-3.5701752,127.2807,92.512695,-66.84483,62.902214,144.93405,7.538723,-19.338867,173.14041,152.2309,254.84691,11.809082,14.998547,179.706,-6.996155,129.24542,32.04234,106.95582,260.24426,-1
101.586334,41.90499,91.09437,46.032116,136.67017,54.717506,-74.09179,95.22681,76.35556,-63.178856,71.366516,53.081284,58.645767,160.37006,83.07341,132.76697,43.82666,12.161497,70.32846,-1.0614071,-1
62.435978,6.4241505,72.468605,110.82936,144.10663,77.063354,47.539345,52.64178,35.04089,118.480286,61.83914,25.23499,73.07358,123.4356,60.4562,140.97025,42.99009,45.32411,55.009056,77.009415,-1
-6.216427,-38.979137,152.6831,70.778244,-32.169563,50.966084,158.5105,24.976646,29.355898,97.17592,100.11511,154.68555,-7.6258545,33.18117,181.1912,-6.789028,162.51921,40.829178,67.55064,165.8612,-1
61.180412,71.173,56.689598,-46.310192,156.9007,12.729835,22.874344,43.396904,75.07326,-26.143417,31.733309,62.345512,61.787376,118.44444,-22.963255,85.98486,14.351112,53.55604,67.8393,59.129578,-1
76.85779,59.122215,-12.65313,-5.939815,23.08786,91.892,-5.7340145,14.567785,107.557556,-52.430244,135.83905,-10.969545,135.19382,54.316433,87.3763,-55.162376,97.13187,0.7378979,78.51925,-67.67526,-1
38.987194,-5.206999,122.03044,123.01003,-19.250664,135.4495,217.54036,75.43635,54.005993,103.31547,102.46721,141.18964,-5.70319,44.12508,124.96883,-66.12931,183.83298,-17.832903,130.83661,187.63857,-1
114.473816,61.14331,40.31451,19.5783,131.76917,162.70813,35.544662,55.050888,125.81738,-43.77653,51.516624,-44.09884,185.60439,85.0809,-8.907383,72.93239,65.53631,3.7152538,70.49051,-48.98542,-1
92.500854,37.519833,9.855095,58.820213,142.94046,253.11418,38.995453,221.28253,117.74646,14.959597,90.86546,58.462265,187.08623,227.71185,15.070652,268.8966,34.6353,80.994484,85.45082,72.33948,-1
173.70068,102.11421,120.802536,110.03932,-42.70883,259.8989,243.1503,212.64236,46.270527,81.59526,136.12582,149.11539,200.36334,289.30157,31.82087,389.66983,161.72491,54.427406,62.35101,154.06592,-1
167.62048,39.62921,214.59921,87.45314,197.81534,182.91849,24.430132,112.02935,75.121056,31.16399,25.066994,-42.35222,113.189384,501.3791,-36.112743,505.5827,101.00499,56.666393,106.54807,-20.006222,-1
87.900925,-41.476383,139.76878,56.271782,136.79657,80.70993,84.20822,74.78291,68.35535,-32.572285,56.613674,1.145195,180.69629,159.10405,81.83736,236.91484,119.75939,-19.569548,42.227,53.551094,-1
45.273098,-6.892208,186.33475,72.779274,16.61428,-2.996254,231.16559,10.136613,92.51254,38.568214,142.5881,170.03821,41.75756,-210.27512,254.7151,-193.96323,141.17902,-57.560802,136.89641,92.33225,-1
88.02662,29.440739,67.305405,-2.4463463,157.60727,1.3173218,14.400701,-55.57872,199.75085,-55.69356,45.560127,-33.541176,59.850197,-245.20514,171.07286,-250.72844,175.13298,-34.18342,111.506294,-26.936037,-1
92.89323,-54.062,97.056816,21.677818,217.86244,-42.084183,59.914314,-69.90032,129.56932,-143.55728,12.316532,-38.171486,59.356415,-223.91154,70.1239,-169.15515,87.69735,55.637863,60.656883,-31.362377,-1
49.82694,-4.342596,138.33815,50.929,-14.884871,-87.45129,148.87445,-70.84105,-8.486248,97.640205,164.48506,133.66858,-53.189514,-301.95938,247.00038,-226.8365,176.77362,-5.5674324,64.83032,114.88955,-1
82.76646,-36.335373,63.291603,-140.07385,171.33606,-160.74176,-94.51985,-134.28336,96.48712,-55.2425,45.46799,-112.43054,26.843254,30.23397,45.47502,-119.37026,9.181083,-17.716013,61.998386,-129.00769,-1
83.634964,5.085117,54.713593,-46.939465,71.932335,-69.44958,48.927956,-129.9355,83.83672,-83.358284,57.426067,-24.326118,83.32296,-70.1079,77.71189,-22.297562,42.357887,26.636822,84.97379,-82.84952,-1
29.730022,-7.4694786,88.33693,-1.0668068,-55.936966,-60.600086,195.59338,-149.71167,0.14832592,-2.3662376,71.0637,34.064842,-40.364727,-135.46004,126.272285,-206.36664,118.02681,-33.771378,7.1183357,-40.80829,-1
79.344734,-53.590164,24.639275,-204.06696,111.177,-190.66014,-63.11382,-141.52979,99.133514,-157.02167,-14.141827,-129.95573,9.952746,-86.45923,-68.578865,0.38069153,14.849559,-32.504448,69.2715,-154.36081,-1
1.530942,-45.632393,8.274061,-120.14957,-11.925554,-146.81735,-42.16919,-156.58458,73.61609,-148.06905,-118.072495,-190.98569,46.150593,-148.24464,39.91266,-156.23701,-52.32388,-11.347992,-35.414043,-213.44604,-1
85.974884,-27.870584,-38.979977,-21.890553,-59.956253,-118.37956,134.05246,-133.58414,15.602036,-98.34082,143.1275,-54.898384,-13.285288,-216.69632,66.88228,-285.8418,104.8349,-52.355953,91.2211,-105.98188,-1
-17.636541,-39.58176,37.18669,-146.39069,75.56823,-116.06967,-51.549152,-183.96661,27.395452,-93.94477,-50.12332,-231.96613,-5.7750344,-101.87344,10.074063,-71.75028,-48.56165,-28.55539,31.38763,-267.26874,-1
58.245277,-38.273888,13.331211,-137.74545,23.331482,-146.64941,-27.150776,-124.50392,18.163132,-228.811,-9.4559145,-150.91135,93.78558,-102.396194,-45.918503,-142.75621,-29.842987,-62.21444,-30.171402,-215.30307,-1
-59.13499,-61.545506,46.820614,-18.666798,-124.63947,-116.55623,154.1484,-101.96507,-3.0299797,9.063972,45.361343,24.773964,-101.73814,-207.33078,126.13158,-280.3611,116.25772,-77.69419,-21.452957,-35.1209,-1
32.783764,-4.3955383,27.32917,-94.41141,29.502003,-81.17508,-77.23401,-127.43862,26.046453,-140.33557,-23.264996,-200.25111,49.374702,-62.999374,-79.89236,-39.6493,-85.98508,-78.065506,72.28311,-252.59578,-1
-27.858835,-44.28797,18.103714,-97.6189,30.704926,-68.32775,-53.741955,-56.73907,84.94023,-106.249054,-17.210178,-96.02595,23.98553,-41.695244,-2.4246197,-91.28928,9.691467,-9.506702,-32.086563,-116.30881,-1
-62.69985,-20.736746,25.604034,103.06102,-162.67212,-12.179848,112.99567,15.719696,2.0231886,14.575092,54.21056,-13.870829,-40.31967,-88.54456,71.25648,-94.293884,15.842331,-12.131653,21.097713,-16.22293,-1
71.35018,48.63067,-67.45831,-57.211098,121.880135,37.39702,-120.93999,-57.760136,-16.961517,-32.116714,-0.34775925,-16.628649,74.894775,18.18459,-70.57816,18.112936,-149.64557,-44.59914,1.6403675,-3.0003815,-1
-21.192932,71.27908,-81.29349,-23.84693,-43.69893,-13.393545,-16.891842,13.326857,30.2826,-13.102652,-35.483967,-72.55724,10.663773,144.62772,-17.279327,60.954666,-69.27375,-9.462663,-22.176895,-96.07048,-1
-27.588364,111.52156,-16.138008,45.338795,-62.67822,85.21976,62.693592,-14.638562,-28.237345,105.08243,87.67158,84.7801,-41.622463,8.3197365,39.30811,-104.46449,54.559113,1.4423103,102.384476,125.96092,-1
-4.0577965,-40.21306,-84.17787,0.30044556,85.05832,67.765915,-125.53174,53.507206,-23.510277,-39.53856,-5.3552704,-3.8993216,41.548923,72.71177,-87.70088,107.48869,-115.41641,9.090903,-19.169306,-33.23677,-1
-23.267157,33.60621,-73.160225,62.03741,-12.631321,11.669579,-71.283615,6.077402,113.11377,-63.177486,-78.50665,-47.24001,11.84347,-3.74121,-48.811474,-52.45886,-70.375275,-34.10948,6.5273657,-21.963356,-1
-3.5196242,-20.59536,-29.605461,-12.373096,-155.7497,-16.371155,144.83786,15.328035,-79.039185,155.69298,20.439587,53.252563,-162.73767,-45.92191,27.657524,3.2776718,52.781414,19.096909,59.339775,33.516376,-1
33.52408,-23.878399,43.663803,-8.643793,93.80342,-36.72307,-72.122055,19.12704,16.56278,-108.9073,-34.80218,-89.644684,116.6051,7.439102,-94.791084,-40.249817,-85.81389,-7.199938,-42.579865,-79.34275,-1
-30.0417,-56.18433,33.0372,-45.974377,50.764236,4.018875,-41.180244,-7.87121,10.604673,-130.4725,-49.360237,-85.70621,-2.248169,-18.906767,3.7607203,99.88566,-69.71032,-12.319086,-50.928387,-124.061325,-1
81.08676,34.552128,106.81308,70.96959,-97.24576,-6.234192,150.05142,-61.731777,-63.410194,125.6418,116.68304,142.48271,71.0936,-52.74134,-11.158169,-110.98247,47.12113,-38.582615,65.231995,128.84842,-1
11.497947,22.860073,-19.895456,-49.743736,74.67659,36.302494,11.465987,12.304333,97.254715,-100.54584,19.793907,-92.89192,59.84521,7.7314568,65.62546,-59.724537,16.188807,12.450972,16.78365,-127.66257,-1
-21.66655,21.433794,136.31552,-25.401648,119.92467,55.716557,-13.79715,-30.465454,133.16031,-73.44629,88.84404,75.55082,56.630005,59.265594,59.79779,-24.83723,78.910904,-44.506165,132.21793,-18.35525,-1
61.363503,21.677994,156.50865,92.67574,-67.26944,4.389881,171.54169,64.536354,-46.319626,104.37864,135.36076,77.15367,11.466465,-65.95531,177.72412,46.31225,133.21484,26.861355,65.65674,106.5526,-1
83.88865,-19.497643,102.88616,8.217926,135.13632,100.26803,-6.690754,9.71646,97.366394,36.650124,3.494874,42.90261,208.11163,72.51372,66.0035,74.15112,6.0179005,24.62912,46.175327,78.328255,-1
60.348503,9.0424595,74.01062,58.97438,109.90442,51.28633,95.29139,4.8531303,158.01581,-4.1788692,118.823296,51.51041,132.90356,85.39585,77.3761,122.63717,45.79756,107.888405,99.94446,38.72944,-1
103.4495,-0.7513313,166.82712,104.958664,20.159492,128.13127,266.0145,37.312157,3.1118488,195.17043,191.66881,196.01999,22.679066,54.699303,219.4157,-42.58046,253.34009,-8.287712,109.5945,244.5667,-1
77.62682,12.611643,53.149754,1.3462925,173.30559,17.384724,-4.1278887,-119.95238,105.44084,-3.3724003,139.81001,21.480831,171.73053,120.31572,113.71466,148.81975,8.1109085,27.73719,179.5607,-5.6440697,-1
137.79767,-41.549377,111.333145,-66.785484,142.91544,-18.074654,156.27151,-141.7271,107.81911,8.368382,20.441555,88.227646,112.50552,25.762848,146.34137,85.911095,157.17322,19.97686,52.737858,79.34735,-1
69.84335,-33.131485,170.65709,-9.468601,0.13941002,-12.888214,261.88837,-306.6028,25.323292,39.05448,346.16168,192.78323,93.582756,-101.57812,248.21338,-59.102608,175.19586,26.517454,166.02057,77.02765,1
167.59406,-100.84882,146.30586,-255.68881,225.36188,-229.38861,117.02014,-401.89197,188.65982,-122.199455,121.17958,-86.21333,252.48555,-98.87782,166.03174,-123.72974,171.78406,-135.56592,176.79478,-72.22957,1
150.29643,-29.154873,209.71611,-257.4538,158.69156,-98.283676,220.71278,-310.85724,233.55725,-121.88102,223.62308,-40.26719,230.58975,-114.90751,272.54773,-177.32333,306.15076,35.32625,236.62677,-92.45202,1
164.52371,25.75731,256.3257,-174.44765,34.947983,-58.027122,390.51306,-262.41986,131.93863,-27.54238,327.58813,66.04646,306.52893,-194.66846,372.1812,-223.07022,386.29492,-115.8777,183.2937,-43.612377,1
136.35835,-26.186886,273.04803,-117.546646,304.34146,-135.99223,198.8186,-294.9834,329.73608,-206.535,202.93335,-178.37524,227.21547,-23.82196,289.75806,-153.89317,234.41045,-61.91954,299.41537,-224.66042,1
221.30348,-139.39188,247.35614,-193.65666,275.7967,-71.0751,161.81383,-171.70653,235.95593,-226.8535,269.7129,-125.22541,219.44775,-118.003426,342.8273,-116.24922,254.58041,-36.83683,241.37799,-183.9446,1
227.89249,-9.438034,336.94437,9.49137,80.44623,46.215282,314.4234,-129.4121,185.16113,-48.703922,347.2985,47.23483,344.80884,-188.3577,396.7845,-182.73863,382.70862,-47.425896,233.99683,-2.9381027,1
306.04114,-5.0900517,206.19482,-23.407055,262.33197,31.049011,222.63368,8.866806,351.07056,-154.97833,276.3314,-25.231146,299.52676,133.11823,307.28247,-105.20028,317.60675,-52.223824,304.20206,-154.70113,1
255.42885,69.354454,311.67908,9.106148,255.49385,36.25289,125.6317,18.059175,303.5236,-115.54603,204.93042,-29.531303,263.454,126.34668,380.4187,77.63387,250.43787,-4.865862,255.40321,-106.05709,1
321.70767,47.361404,252.0977,101.179596,211.16171,164.01442,414.7519,57.66605,237.00818,-6.8218575,430.1931,144.83826,267.63574,10.100853,397.46393,-52.696022,405.53143,5.8808174,348.55182,50.04905,-1
339.1306,156.92343,342.43024,206.08923,349.67157,268.7885,189.48447,128.61598,357.71576,-12.506731,347.7217,147.73409,479.82098,203.3969,380.49225,59.16522,253.70358,43.837677,358.3647,66.370865,-1
370.72736,156.19553,341.63443,200.09369,387.975,289.92218,216.17099,156.58424,407.92413,21.930367,359.5341,187.15213,384.00598,371.90186,461.38934,196.03427,349.13513,-9.824249,379.82227,140.43962,-1
389.19223,146.60098,413.12247,287.29727,290.85736,413.40164,391.87506,234.33783,269.38223,158.2312,462.6668,353.78476,489.5375,313.779,560.30646,232.98834,492.51593,111.16985,348.15732,281.1334,-1
461.85446,201.74504,436.36246,389.5658,553.31226,384.71088,160.02992,127.38984,441.60077,152.61926,422.99203,258.55603,438.91937,443.28436,444.7069,239.32999,220.64662,108.36836,474.02527,339.8816,-1
410.75113,186.77441,432.18738,184.2921,432.70343,354.15695,276.26855,185.52072,353.09897,139.3558,421.4897,288.3242,521.719,440.71814,515.9682,236.13943,322.83344,114.52521,382.46545,291.9644,-1
371.0871,161.33894,415.24976,306.32352,295.05786,385.76294,364.52173,182.63892,339.53372,214.59767,500.8083,400.19135,430.39273,286.82233,528.9149,248.88522,376.0764,34.719738,400.42114,342.97897,-1
358.48566,108.32831,409.37372,176.29326,475.17844,287.26663,230.56966,147.47942,319.84628,56.4548,396.3042,125.730865,427.20697,380.07806,497.97403,227.3521,248.8469,112.1944,396.39307,118.362335,-1
268.4468,3.8675613,439.64502,233.81041,291.24597,194.11624,189.57709,94.53627,374.75873,38.126644,308.00775,187.03416,333.7848,258.06287,346.96252,184.00894,286.26257,15.507486,349.4702,178.74707,-1
244.85916,62.505264,396.00385,170.84782,222.9513,272.93402,327.40552,48.777306,198.98656,124.07652,365.28464,184.97397,282.44925,160.83115,426.89508,27.569115,298.811,16.54929,294.61102,184.01022,-1
307.18765,69.4581,243.58376,104.49876,342.98938,111.42262,140.95969,31.34679,240.55127,-78.952515,193.0672,-13.218432,300.52402,205.39415,314.3199,210.94138,128.18846,17.37649,229.42004,-18.290947,-1
165.16524,-49.646584,242.16653,40.21082,249.06235,43.8245,127.078995,25.31503,164.81604,-35.158524,143.40025,15.221664,232.19034,47.768833,239.53052,-14.843227,151.74884,26.964985,137.23268,0.007674217,-1
145.38539,-17.499226,236.66817,-22.16412,53.422485,9.214546,258.99615,54.209126,39.174343,65.31262,205.32054,147.45401,156.66579,-90.610596,288.734,-7.188498,208.27008,50.013687,81.62364,91.20647,-1
111.22548,-107.58307,142.63245,-21.766624,213.92538,-54.677864,136.22726,-83.84764,229.302,-94.767105,86.578186,19.694408,199.63922,-72.142166,61.67185,84.433,101.82263,39.514065,174.60994,-38.334175,-1
126.46413,-15.638431,175.70007,-44.726482,101.918175,-19.381544,7.1987305,23.513979,86.48116,-50.917606,78.9342,-99.07182,203.77478,16.843887,196.02408,-43.282238,-11.310429,-26.006714,84.17864,-115.89996,-1
99.27549,-59.913258,198.74396,37.663376,85.75382,27.476536,168.71672,27.059752,1.0009975,-12.446224,107.38941,124.24104,83.912605,-51.549026,255.9199,85.59468,161.73424,85.5119,73.86005,32.300793,-1
145.1635,-52.511044,109.076805,-20.575897,186.8977,47.877113,84.7316,83.69653,149.19464,-83.6157,44.590446,-127.20722,195.97098,20.960636,64.8622,80.35298,8.308783,14.664222,64.473595,-105.46098,-1
72.47263,-39.164818,179.19711,112.39348,107.17849,15.560715,113.22923,36.30603,113.5408,0.45091915,41.21326,0.80989075,178.4488,30.52524,100.28006,96.92563,-0.7929001,61.72605,72.26846,22.370354,-1
15.153889,53.167545,114.826866,74.04094,-77.42815,44.79035,97.54152,119.11528,67.71006,112.75517,184.31894,211.77272,93.88391,99.65306,268.98364,42.64884,66.408485,117.55139,127.84063,132.77513,-1
130.38757,13.833058,148.98056,114.36329,219.13571,136.48917,6.244488,79.201126,105.70523,-25.04269,2.105194,-54.7684,124.8206,113.61173,90.84231,74.232346,46.10765,50.738636,84.783455,-71.876724,-1
71.475975,79.65425,137.44165,46.090454,122.91438,90.4208,104.96398,52.020973,115.65792,14.117778,99.58003,61.654587,185.91943,160.30525,105.16132,92.0941,0.067750454,51.87632,96.17067,36.198593,-1
14.662361,66.747406,142.93805,162.1096,2.716156,107.22273,106.219955,82.74431,-1.4124708,61.73485,126.752304,95.98449,27.156525,90.08471,153.26111,102.45825,119.366806,36.588943,60.24662,-25.289848,-1
30.83613,37.323334,-11.331673,123.218704,114.680176,98.94484,-60.810432,145.15982,98.26987,-86.26,18.423717,-39.629463,118.85227,94.34595,22.333939,59.826176,-84.34944,68.337425,52.331635,-80.74663,-1
41.070847,94.42847,19.162113,5.6542892,192.1217,82.48829,-25.948347,-7.4684315,79.29201,-75.938225,-32.14964,-92.74571,83.0486,55.121384,19.162962,69.39627,3.5882397,-8.03227,39.35741,-118.298615,-1
-81.52597,56.777096,106.14519,84.13161,-209.89908,35.69864,172.76364,41.783066,-47.79489,104.78049,108.81755,133.3451,-83.030106,-36.527668,88.39753,-13.63991,30.712038,77.9252,28.672441,31.681065,-1
12.432174,-35.531033,-22.88009,67.14622,102.26545,34.593483,-75.24565,54.028736,14.774189,-86.63852,30.558792,-141.19301,47.7658,33.105404,-28.524467,-19.745268,-43.961304,-10.112656,8.298231,-163.24585,-1
98.88956,63.012676,4.2161446,-44.973038,115.278305,-12.923745,-33.291832,-64.55346,50.360695,-65.820984,-116.32655,-10.566395,65.75029,57.932953,-32.85868,11.174868,-60.76822,-41.762043,-9.091226,-44.721832,-1
-77.3755,-18.775867,32.9978,58.927036,-173.21771,-13.256394,149.90373,114.03758,-68.89842,122.38021,128.9582,111.85186,-37.816162,-63.604744,85.71488,-11.021616,119.89959,72.05237,0.9807663,108.05682,-1
71.19648,-9.092804,37.82898,-39.33497,118.07739,32.26232,-42.930626,-21.613684,33.942772,-44.14437,-95.58716,-141.77243,64.59655,-2.1513443,22.2002,34.889862,-27.617928,-33.541985,-26.223898,-129.56525,-1
50.671974,63.463615,34.10875,-101.8636,81.83833,14.381948,-28.677559,-103.39817,124.75319,-53.790337,81.85642,53.265,85.8958,17.237316,46.35555,-15.691425,-21.555798,-94.16152,135.43063,45.679916,-1
14.936281,-48.764244,82.67699,66.37955,-63.3637,1.5153999,151.58286,0.20214939,-52.50805,124.8535,71.73662,10.751343,9.504206,-36.938812,120.57504,-73.01665,93.38461,54.92272,8.255369,92.670204,-1
27.940487,-66.82927,96.05257,-80.84388,128.97687,-3.8439293,-54.20858,-57.24525,83.440956,-50.177902,35.619007,-17.369045,24.974428,7.179121,-37.557144,18.178257,-76.95447,-9.883516,67.76213,36.877243,-1
76.55957,73.42413,44.43895,40.6867,109.8637,-7.0173264,70.54958,-4.012596,87.95845,57.20649,132.91997,-14.810596,85.50835,51.114876,66.089005,-3.9898577,38.52016,40.827187,83.96402,39.088173,-1
39.0804,-53.045845,90.167114,54.71766,-124.98126,12.7639675,126.60066,-58.87815,-34.551613,60.051968,42.91662,80.527985,44.79413,-65.253876,140.83301,-29.15036,1.6551809,-19.613098,9.156135,129.06421,-1
16.455683,-23.257542,76.31756,-144.16112,117.89005,-37.59601,-33.423855,9.411341,83.65567,-61.42301,-17.924576,2.3653922,50.619873,-11.257394,-65.20035,-44.805344,79.60351,55.893944,45.24409,0.26343155,-1
98.64369,-65.98087,3.9240656,-27.766075,108.34356,-65.602066,101.81659,60.972275,56.760555,-86.46299,-51.436142,-104.21559,57.0474,-49.919975,82.727295,52.881138,64.380684,53.445206,46.36419,-26.655745,-1
-46.02881,17.807352,56.820633,16.87685,-132.8014,14.484766,-36.03639,20.522537,-54.608215,142.92358,84.80894,102.39511,21.10802,-66.04848,35.96494,-105.25532,-12.35618,-1.6585312,16.029789,121.44574,-1
27.499577,-22.530214,52.38544,24.163425,90.73492,-39.366104,-10.235128,9.39234,-71.93975,-45.055775,-116.0093,-69.922775,-18.403875,-41.40193,-28.394022,13.592041,34.58599,22.465355,-92.784195,-63.542805,-1
0.3962431,-28.183025,5.637453,-40.51722,65.982086,-1.7535248,-34.972492,66.34508,17.404171,39.943016,-26.730886,17.560513,21.31155,-48.478615,-110.71245,46.795242,-75.72273,27.615046,-13.508429,30.669878,-1
-71.53967,-16.496664,12.396574,86.987785,-216.65651,-18.382454,72.97337,5.407917,-26.631632,3.779378,46.58613,98.6896,-76.570015,1.2687759,104.108765,-7.3534813,106.94075,39.643734,31.723644,112.497795,-1
31.09652,59.005035,-49.48821,31.371645,81.441574,94.36238,-3.281711,27.53654,-14.31954,54.37604,-54.635056,-9.033943,32.38461,73.78202,-45.335968,49.86214,-68.868645,17.219501,-45.512333,-14.144642,-1
33.680862,57.20467,10.432083,32.170204,108.580414,20.897316,36.215157,71.85158,35.30152,33.60383,0.7621403,21.001251,-21.846458,130.85286,9.052927,55.11144,89.11514,15.824343,30.9678,67.10108,-1
-27.939299,50.091835,33.7611,66.90881,-181.04358,89.110664,107.949715,62.446342,8.623886,79.50991,35.86957,131.42422,-64.33329,20.44952,17.98904,18.12753,-2.7068257,-2.122849,27.806488,119.41822,-1
61.179302,39.443005,-3.6576748,40.168938,132.2444,107.20772,18.985542,56.885952,-44.07967,69.892685,-3.9533463,61.14041,86.15859,96.979355,57.531876,170.99207,31.563816,87.57157,-21.041042,126.331375,-1
-15.007271,101.4613,22.627192,145.80215,10.563059,82.31348,-122.71277,142.98636,58.833813,96.9899,-1.1702843,98.919235,1.0440979,151.24675,-10.068773,117.6752,-29.81921,18.71084,25.624466,124.205414,-1
-10.899237,40.84723,71.785324,121.42423,-49.862137,94.245514,137.72841,97.97299,-84.4708,118.602295,95.40222,190.96733,-3.4551926,135.1599,100.176735,-23.296362,23.342403,22.092014,20.276394,201.6593,-1
75.09416,159.45358,-45.72413,75.52143,134.4,73.625824,-59.663017,150.70593,43.0332,116.52356,20.84425,120.868065,43.46665,232.83209,68.951035,224.16743,-3.6203527,68.401306,-14.90855,145.73254,-1
-45.611683,76.186264,-22.501373,131.94376,64.365944,216.35541,5.219224,107.86865,54.273,70.18562,48.161133,72.31917,8.719175,179.60327,7.9256387,163.727,-28.306587,47.644646,29.138077,119.318214,-1
24.822971,64.14493,94.075806,160.83481,-142.73831,105.0245,69.216286,67.669235,-50.44924,195.66241,86.28646,202.62595,61.894455,76.0258,89.83798,117.36752,43.3083,32.648037,60.438477,220.69492,-1
19.398172,41.975407,-41.240494,52.94792,85.93264,68.040405,-54.43254,95.9724,44.950832,7.8521166,-42.024815,30.939686,-9.937017,186.01294,-30.109901,74.47102,-101.75801,26.38121,-21.131521,11.974725,-1
15.849794,20.407497,1.2117767,79.44192,84.69286,44.88613,-73.141396,61.416977,18.723997,41.75825,66.0587,28.224358,73.953445,125.770134,14.291619,85.76655,-34.549805,-49.02336,42.535393,105.88124,-1
-77.74699,72.40332,56.694344,108.76437,-71.67194,45.487343,187.11746,112.53546,-99.19532,101.71409,-33.777855,66.78271,-70.54895,-34.04802,33.22999,-28.53877,116.18392,37.950066,-62.50119,14.150452,-1
-47.43319,-30.480906,-61.43693,-1.7698746,49.077465,6.3263874,-126.09339,33.438576,4.6148167,-14.457518,-18.229841,-114.41151,-58.38169,0.8091049,-75.31593,85.611046,-106.15765,11.08061,9.775072,32.554615,-1
-54.176636,-5.065653,-101.15903,-78.26593,-27.17681,-41.548298,-70.41591,-50.91579,-32.096153,-72.648476,-140.8582,-83.15038,-32.450336,32.23795,-85.01474,-1.8517733,-134.52234,22.37249,-59.942978,-84.901405,-1
-112.9472,7.2320576,-3.9849968,43.09193,-185.61432,-56.759743,69.973145,-48.51587,-74.34262,16.860874,68.89654,34.99486,-101.83537,-74.11664,-26.806833,-135.58984,-62.200832,-5.80257,-33.209923,-33.195816,-1
-32.61936,3.15103,-182.782,-30.998234,-13.111525,25.601969,-197.28862,-99.308975,16.664356,-84.52319,-109.39958,-128.67065,-1.4222031,-67.948906,-119.292694,-96.421814,-180.14555,8.276661,-38.347946,-104.73001,-1
-153.47992,-2.9553666,-99.95723,-111.41797,-87.72012,-83.96738,-47.23887,-0.6592941,-36.001564,-44.623093,-66.24385,-111.97807,-78.14433,-94.82382,-131.84586,-64.62256,-63.615616,-113.13674,-38.595943,-72.439835,-1
-93.81406,-4.302891,-71.90915,-75.63812,-194.31393,-5.2516165,1.122467,-139.59378,-93.55807,1.1953945,-46.021656,-52.494484,-196.61632,-152.0738,35.299744,-171.28465,-103.25238,-4.372553,-53.935753,-42.008026,-1
-189.86734,-37.31495,-135.38875,-83.39892,-61.080963,-80.03223,-220.02844,-68.98244,-27.056366,-87.73133,-110.31925,-122.0223,14.2854595,-44.29667,-189.25797,-70.69951,-193.87198,-42.518776,-25.061386,-156.73035,-1
-194.98944,12.563785,-125.97516,-45.331974,-55.680058,-36.64741,-123.96186,52.506172,-66.24848,-78.48801,-101.82999,-173.70949,-134.561,-0.8233633,-171.70288,-85.476,-165.8268,20.239302,-107.92964,-109.495255,-1
-262.37482,78.09561,-86.63142,92.04592,-281.85547,15.4265175,6.6384296,-28.953579,-227.66878,150.04971,-66.499275,110.640335,-131.93877,-76.70062,-98.43816,-38.460205,-175.76993,32.72364,-129.98555,111.817245,-1
-183.33945,-5.2837334,-174.79578,17.075768,-57.765068,25.285072,-226.35272,33.694443,30.709988,0.3053398,-130.55591,-114.58529,-94.73667,117.82193,-142.34271,-17.301949,-250.82245,-18.517488,-17.072252,-6.1545563,-1
-121.37573,97.90987,-132.1721,-48.480175,-45.469948,49.193542,-214.74356,55.374016,-122.6119,90.82877,-123.21917,-26.30441,-66.79207,84.65823,-172.75124,26.882448,-263.9005,30.482462,-137.55809,2.4122143,-1
-242.56386,120.59929,-92.63804,152.72766,-213.67612,104.661156,79.189926,77.64407,-61.734592,154.15318,38.7604,103.93162,-184.35777,-7.213976,-78.44547,-15.33099,-71.41519,93.44639,31.032621,165.64674,-1
-38.60382,52.57968,-154.83284,-30.482908,55.62641,5.9444294,-245.42334,66.27893,-102.17185,-1.4543114,-111.9643,-83.314514,-54.623352,97.573105,-141.43968,11.212109,-297.6954,-14.2758255,-124.483765,-47.519714,-1
-121.1196,37.14943,29.678389,-37.7567,-1.0724792,12.456045,-77.87616,53.518948,-9.980616,77.91722,-105.89935,-1.5535727,30.909716,-16.015833,-30.068623,6.7362585,-179.54205,26.761662,-71.03844,93.86493,-1
-167.32602,44.24402,-42.48569,74.02774,-258.42328,-56.402107,28.628126,-77.44801,-56.305878,33.409206,14.456099,57.984463,-106.87511,-54.473904,-101.58541,-114.546394,-78.26808,62.882385,-10.30681,18.093052,-1
-130.17871,9.545805,-34.531303,-57.386654,21.884472,-42.116264,-41.572678,-55.24261,13.670801,-90.86649,-56.76969,-128.0134,-24.146564,-3.1850147,7.391635,-42.127502,-192.9245,-21.93026,14.537202,-97.62147,-1
-46.036148,84.21777,-47.204605,-111.27691,-13.747889,21.083942,-123.34694,-26.886484,48.474976,-35.760162,-42.866127,-92.30759,59.083797,18.953373,-138.13309,5.0910883,-125.44145,33.046486,-1.8169384,-57.519867,-1
-169.95712,83.687935,-22.24575,45.285553,-245.39017,60.919754,64.20411,12.808651,-130.20093,112.015175,65.530334,102.32441,-91.88351,-76.31151,34.7454,-51.316315,-59.685715,25.07426,-45.9778,78.76941,-1
-128.01056,93.0998,-61.716545,58.27289,-19.494354,167.35843,-174.84073,71.81166,6.916527,9.114761,-106.745865,-107.7937,22.35363,106.934326,-177.79932,6.6407137,-246.75714,-8.970221,-24.051775,0.31113815,-1
-111.38484,155.8614,-114.55289,-14.536898,-63.219753,130.60385,-87.166985,73.80259,-42.80623,72.26656,-50.954952,22.095472,-2.2966614,285.68677,-59.149864,42.41714,-178.87875,7.5142975,-38.636013,48.361816,-1
-209.68535,134.42992,-101.63533,209.32074,-233.6961,333.9376,-7.0007477,207.69005,-144.95865,102.72914,34.054928,148.68326,23.645088,308.1738,-122.33124,207.09615,-136.28235,30.972525,-56.465816,121.51241,-1
-61.729992,186.45247,-151.88376,56.41066,19.668884,318.33176,-189.44603,224.50433,-78.561066,140.39618,-121.27471,-25.08102,-24.57203,562.4557,-198.04732,488.47388,-243.3424,10.556633,-92.872375,69.259346,-1
-240.87012,115.35092,-250.31429,131.71313,-197.66348,197.71402,-131.15686,75.53439,-56.783947,103.008865,-99.24434,12.915981,-23.41188,397.73145,-178.97707,313.00266,-215.53714,-45.851875,-62.02887,130.35437,-1
-213.72684,185.7265,-124.57942,126.94503,-264.3521,205.90413,13.35343,113.18915,-112.79768,258.59293,22.113178,126.8598,-112.698944,291.04758,-175.88431,122.15453,-125.791306,58.761253,-25.360947,159.41484,-1
-144.95706,102.10904,-110.39174,64.36982,-13.13315,34.267044,-186.61813,93.71405,-95.07991,-14.645787,-119.07518,-46.264595,-113.66535,190.03497,-134.16138,175.21466,-174.50375,57.939056,-102.16928,43.471577,-1
-223.53227,-19.835175,-153.41663,77.7926,-157.44675,-53.559456,-158.96562,-35.916206,-113.92408,81.33421,-117.25681,87.59729,-175.63272,-151.0863,29.334457,-136.81175,-146.43523,2.7787333,-130.14862,143.62842,-1
-226.50511,85.9514,-135.0327,50.378204,-328.22162,21.467644,-41.494965,-16.959677,-198.44342,201.03209,-3.6233842,147.53738,-235.58032,-317.98694,-26.94391,-275.29684,-124.60202,29.619526,-86.04046,179.41537,-1
-165.74507,96.31803,-104.58279,102.35693,4.858673,-22.784416,-112.22844,-67.641914,-37.249825,59.110184,-101.80091,22.946835,-144.65897,-68.14436,-57.918076,-145.05037,-71.50005,-59.2758,-59.82802,81.02826,-1
-184.19675,118.127304,-228.23009,48.126957,-116.72012,-20.070286,-164.42668,18.974352,-31.60186,145.73055,-107.71402,63.30446,-128.11037,-115.64832,-137.80511,-120.25986,-97.50153,27.748749,-27.60035,130.4999,-1
-155.21199,66.21241,-95.69754,124.24188,-185.8294,-33.380066,16.047474,-13.811987,-151.84888,228.4973,9.826049,187.53506,-157.12549,-52.878555,45.15465,-100.42337,-6.7979364,33.304474,-65.1349,254.18811,-1
-119.047066,82.43436,-60.076313,42.01908,-62.185295,-10.435379,-151.74158,128.45876,-108.82914,80.45868,-34.75288,101.30438,-47.357826,137.85687,-112.33673,68.86529,-148.59436,35.464775,-77.56563,141.8509,-1
-68.16959,122.82371,-106.23834,120.268036,9.8699875,70.37521,-116.85386,25.043476,-32.525856,251.12521,-89.395996,99.72132,-49.025436,198.37778,-134.76224,116.99933,-103.847176,8.754804,-65.68198,237.3471,-1
-100.91319,57.78852,-58.186523,289.48257,-100.055695,89.88238,-18.040813,147.32117,-184.61143,264.56964,21.85189,194.14624,-164.97424,112.209305,18.128353,119.928925,-14.946716,61.661304,-89.75919,271.48947,-1
-53.240967,113.465836,-64.51378,139.85046,54.588245,88.170456,-86.57764,103.5862,-12.234677,122.91753,-99.925735,59.208836,6.0956516,189.17763,-134.82631,177.93452,-127.33736,158.58891,-40.501865,102.06001,-1
-60.812157,128.30045,-116.70503,117.05694,-48.689266,73.791626,-103.22551,107.458496,-75.0049,79.87605,-63.315727,147.3796,-56.151382,203.02863,17.87339,116.29912,-85.008026,30.518177,-88.46049,220.35928,-1
-112.60043,7.0939693,5.78358,209.50201,-252.58554,116.25186,-18.234173,75.5718,-168.27286,272.0744,-85.45933,132.60712,-104.88236,-3.8684216,-13.843208,55.766655,-49.49293,49.209904,-118.6766,206.2153,-1
-50.845142,62.034218,-79.897,48.788635,53.502853,48.469112,-121.7317,36.846573,-3.0116477,38.859554,-84.22624,-43.58387,22.831861,91.33586,-151.56854,65.90752,-140.6146,18.417301,-19.826475,36.7762,-1
-76.329636,25.278711,-116.74117,-35.833668,-56.563812,-13.474173,-162.79808,-25.319597,-17.108566,-30.057673,-55.954945,-30.304716,-87.780266,31.41397,-92.77641,49.778595,-137.33763,61.301254,-16.00814,-34.706806,-1
-122.53806,-58.51649,-31.130543,25.878788,-189.06512,-44.474373,50.2456,34.331112,-140.79834,106.53051,-80.79566,44.996048,-178.97119,-195.06458,-56.636517,-64.881485,-83.16806,25.080685,-138.89754,50.08747,-1
-75.327805,38.301914,-166.17215,-56.21737,-2.851533,0.06085968,-202.1026,-6.888523,-41.644146,-178.96722,-89.22142,-182.0438,-14.717009,8.603579,-142.60782,-38.662636,-131.80878,25.92746,-29.930573,-223.77835,-1
-146.08827,-62.360565,-218.1778,-122.836205,-36.807087,-132.60916,-114.35226,-97.35393,27.13508,-46.503433,-153.9786,-145.0543,-92.152054,-88.679375,-223.08888,-142.11127,-185.73335,-95.78154,-102.22284,-81.767166,-1
-177.41757,-15.580624,-74.550255,33.148132,-249.32162,-42.09063,-38.98223,-58.945244,-50.697205,-51.358196,-20.969643,-97.64651,-157.92517,-217.78535,-47.56491,-173.44366,-22.133121,-22.071583,-51.104454,-75.55713,-1
-80.97312,-17.472172,-99.005066,-181.00656,-67.55551,-82.78474,-182.16106,-103.09528,-10.907641,-172.18591,-115.6523,-152.21033,-74.43732,-94.17305,-202.04166,-123.23738,-211.24829,-113.59164,-66.48625,-240.19278,-1
-37.44035,-21.976423,-145.8612,-161.03131,-42.603447,-110.588844,-53.421196,-80.37906,-29.072012,-119.56743,-46.95634,-179.88646,-64.83279,-95.7686,-133.7281,-178.82056,-82.45842,-69.73653,-31.532135,-198.0766,-1
-149.02144,-5.559368,-2.122364,44.53205,-212.06534,-4.951311,69.77272,-41.831802,-55.016487,30.17633,-58.10893,-25.12407,-46.518196,-234.30542,-62.075874,-156.13571,-101.01915,24.492306,-93.84369,23.581049,-1
-127.829636,21.77011,-88.5783,-111.64202,-43.07837,-88.69481,-196.33386,-130.7413,8.296955,-143.3412,-94.76749,-134.35004,-45.807343,-106.9328,-171.5824,-145.1425,-173.49164,-119.173645,-43.902695,-160.95656,-1
-24.321505,-49.05553,-76.76813,-43.881897,-34.496983,-80.14867,-100.91916,-51.35907,-8.000771,-83.49602,-104.416115,-98.155876,-11.020494,-83.820175,-82.66101,-48.40266,-129.22565,8.422091,-52.08756,-133.61517,-1
-63.60595,-36.195507,-31.747723,-13.590088,-225.07025,-49.469513,84.29404,-44.758747,-49.800392,28.622858,-9.213198,-35.215775,-166.89224,-225.16223,-57.59604,-128.771,-69.23807,29.996613,8.015453,-31.168335,-1
-93.5039,-25.02358,-70.07831,-48.35128,46.187782,-51.17585,-138.71872,11.038031,-15.185791,-13.113799,-76.62416,-62.398952,2.1535406,78.66546,-131.48244,11.368838,-106.84583,-26.826305,-54.929604,-23.069363,-1
-0.16954422,38.49322,-102.15114,44.576706,-33.599625,4.298149,-169.72414,12.642227,14.843819,-34.238037,-16.722965,-17.651495,-33.137074,76.537895,-61.571106,-76.53206,-90.591354,-11.522808,-33.324448,-43.208313,-1
-96.85643,1.0979767,34.57835,4.552166,-102.273186,24.69114,63.16114,-68.00566,-105.71875,113.3497,20.389812,13.90765,-84.83055,-152.85187,2.791114,-78.64345,-62.931793,-50.132626,17.83271,97.922585,-1
2.5473266,55.94324,-107.77536,-34.201862,7.0723763,-29.857204,-171.10538,2.3085432,16.789707,-30.664639,-90.52833,-28.379095,37.895706,51.45053,-72.3676,-6.804983,-87.034805,-19.958565,-30.716469,-40.507683,-1
9.160384,-3.8488426,-10.112347,-39.218517,-0.96616364,-76.66391,8.056393,-47.403793,-42.29715,-57.611103,-67.177155,-95.61749,-20.944172,55.898396,-10.57633,-52.85367,-91.74189,-65.16208,-61.393127,-63.384636,-1
-72.23156,-4.4783707,50.582596,55.66945,-133.37842,58.89122,105.82784,74.11917,-66.203804,150.51022,102.16197,190.04861,-124.281525,-109.481346,-0.53266525,-37.591194,111.42496,27.012783,47.239117,193.60849,-1
14.186535,-33.237827,-73.8844,60.03681,96.99121,-94.00456,-58.41519,-23.168549,-21.187244,-65.637955,-131.52618,-136.3837,-14.302612,20.824032,-45.991966,-17.039347,-44.771366,-8.942718,-99.846405,-180.75882,-1
3.2255573,-23.341913,-32.34034,-134.33806,-7.0944195,28.125237,-95.08166,-22.46575,-0.23066711,-12.173702,-75.599304,-66.45193,-25.773817,-16.111065,-58.44404,66.244156,-81.17664,9.003778,-25.063168,12.515127,-1
-51.05229,68.25328,-14.727646,67.731964,-146.99124,50.647583,130.19482,11.901702,-61.310333,65.48698,37.96666,96.10958,-23.5191,-98.725075,30.010534,-95.16914,111.23837,7.987707,-55.75716,104.138016,-1
25.845234,-26.104507,-24.475002,31.164059,50.78003,-49.940414,-59.429058,-5.5998726,8.555515,-52.950504,-75.528915,11.061321,72.784546,38.972088,-101.57773,-23.536486,-23.98811,-5.983492,-25.443825,-15.29167,-1
-0.06997585,-12.241022,-62.406372,-116.98406,7.438036,0.5138807,-2.454649,0.69356346,-23.047712,47.502014,43.72307,-46.214085,-41.318405,24.073597,-2.8186321,-12.335943,55.482117,-39.273567,17.137314,4.5060577,-1
-38.309097,11.901741,138.39365,208.94699,-87.95946,14.967733,135.3638,-22.775993,34.14521,102.70124,61.47558,84.55455,-9.186844,-57.47274,57.9926,-2.8453293,125.39168,8.517173,21.853027,58.084282,-1
70.26231,24.029446,-117.782036,-85.355705,102.883896,9.161179,-37.45672,5.748559,-4.5319805,60.230255,26.151264,81.855415,-6.9299703,78.661964,11.95469,120.55406,46.84927,1.4186273,17.89496,106.02872,-1
44.392128,22.735228,53.747578,30.156115,47.40391,52.0215,-45.288414,22.136496,12.011528,3.3109913,-62.95774,48.827618,-27.768118,52.199955,-38.135906,27.972544,-51.372063,9.445612,-57.97032,28.648859,-1
23.092022,-57.031624,95.593956,146.99161,-78.66659,20.922007,143.57506,52.578457,-59.874683,120.66908,84.9825,95.93039,-13.6047,-39.6899,134.90582,-5.107543,167.63596,58.17813,52.216576,132.11392,-1
40.972153,70.78191,-34.640522,3.9390755,31.402687,61.553764,-90.279785,-2.8693237,41.468872,10.13361,2.4939861,10.793186,108.37549,129.20099,-56.61022,68.579025,-4.051628,-30.571545,10.543388,-4.589178,-1
