-22.137234,-11.575324,-5.3449206,35.10411,-9.7683525,4.457198,-12.056524,-28.111416,-2.896267,-3.7915068,-10.067667,-6.0713186,-70.91257,-26.743324,-48.035168,-4.962591,-22.419554,41.590622,-12.95475,-36.494617,-1
42.803223,39.952873,9.737749,-2.189542,69.70174,-0.5255327,7.363592,96.375656,13.378098,34.428986,23.471323,36.249825,43.67581,20.137234,13.462534,7.003727,32.778748,24.850193,15.558516,28.80954,-1
70.63669,-31.607725,39.537098,26.667694,-21.456615,34.675476,77.564224,39.30004,2.6732364,34.008354,5.740021,-2.4473615,51.92537,6.3501635,13.78434,15.36836,34.392986,23.105598,19.822262,67.03612,-1
-6.7362075,-7.8894825,-8.864799,-13.979579,10.452153,11.608282,14.530699,22.907848,5.112655,4.9732866,-1.8953574,21.019985,10.800014,13.251116,-2.5620809,-11.694584,24.43,25.492403,4.4009905,1.0956545,-1
59.226414,-20.678852,15.393708,12.247916,8.051189,5.5759573,3.801734,46.975815,19.192505,9.497019,4.5907273,6.002584,36.12774,16.644894,27.08426,14.874253,58.878414,17.06952,-1.4005749,14.651124,-1
70.29562,21.74043,1.360982,71.49432,-1.5843725,74.33584,69.05682,92.79612,6.2198563,78.10383,11.928581,45.932167,-4.9169827,21.968979,63.118187,28.406301,32.41712,67.61745,17.037933,-5.425139,-1
-1.4788628,11.479235,5.2214103,-4.081419,5.1752834,8.046658,35.30095,27.73981,1.7973901,-5.1868224,16.489542,-5.0631933,25.020306,-1.1263905,-9.3468685,11.664569,46.238678,-1.6986225,6.4714136,18.466696,-1
39.644234,23.935993,-1.7618923,21.755413,38.672256,40.468002,9.415731,85.9917,14.522269,45.10323,-0.23694718,21.7645,5.816654,44.77085,20.649094,8.695127,70.17939,69.7319,7.982006,22.393387,-1
72.40148,43.57332,28.017887,59.53128,-21.470587,25.704102,39.90283,93.24916,22.901928,14.026726,22.452076,38.64364,16.073128,2.510002,50.170475,20.94635,75.45681,50.69982,-5.7816486,-7.0160427,-1
42.62304,-20.070732,25.191584,-22.386024,22.67384,1.1382003,42.49305,26.750061,1.0228505,27.71943,12.3977165,24.027412,26.48004,7.240073,-15.358943,-2.1106653,2.075655,15.947554,13.971252,-34.64899,-1
69.167465,40.663082,12.020781,52.248436,34.897522,18.966352,5.251275,57.28359,21.17122,-1.4516573,3.8704612,16.38446,51.520905,-15.377741,6.3197675,18.44197,57.58182,31.811977,1.7063503,-20.104235,-1
19.802404,-41.9737,29.66937,-4.079297,-6.5465136,-27.704782,45.28466,-58.303307,8.528879,2.5621128,8.288683,-24.550493,40.18183,5.5082417,23.817297,-3.9618115,32.489914,-5.0430217,0.07865,7.267989,-1
0.61090374,10.182356,11.2161045,6.9763045,12.364404,6.5319324,-12.184833,-10.8328,5.6941166,-1.3132842,18.615421,7.5216665,-19.047915,-1.4440546,-1.6847154,7.3064837,29.833563,-6.602518,-2.2715209,-11.094932,-1
-4.4830155,-30.443027,24.37427,-1.9487276,51.058895,-51.251167,-2.9121084,-71.04685,-6.2245207,-32.224014,-9.019217,-27.8189,25.268984,-14.586915,18.908144,-16.556892,21.49118,-7.159195,-12.283789,-46.657448,-1
-43.582882,31.206465,-15.01354,-0.9975405,-18.155361,-6.7009826,4.6191654,56.792435,-9.471614,10.587788,2.6803932,8.557293,-14.518062,13.837446,-9.884695,4.6531863,-20.623478,1.8744122,1.7306999,15.033012,-1
26.139244,18.505203,10.967279,18.703762,-6.499846,33.948376,18.212337,8.891088,-11.636967,-7.7709007,6.7299633,-14.636304,-6.9469724,1.3963847,-3.9898074,7.4430995,-17.76618,1.9702365,9.111522,-30.536512,-1
-59.664444,-0.14619827,-17.116257,-30.304832,30.106995,-20.472822,-39.507763,20.343624,-7.1755543,-0.5683098,-9.461758,-6.9144325,-10.811302,6.316014,-0.8949194,-6.420298,3.9154515,6.8272033,-24.56331,-20.332115,-1
-13.173496,40.48833,-3.8706017,45.29777,-66.49205,90.48476,47.78766,-0.6515684,-1.1461521,93.93977,-7.1978946,85.57265,-13.225494,50.870247,-5.3900824,28.368263,-21.332705,17.635887,33.166565,88.48276,-1
-10.326001,6.4049087,9.293195,24.098087,-7.744614,29.133076,0.8627462,15.106547,3.8269815,20.171177,6.330524,-4.49965,12.520821,16.370264,-13.863087,-7.143476,6.9028997,15.318914,1.5714008,7.339522,-1
-9.956305,42.222168,-14.654526,23.090042,0.73551583,38.672123,-8.119262,49.01131,-6.9706764,30.50882,-22.039478,31.337616,-6.516098,15.466123,13.283386,22.533218,-0.9285896,17.038319,8.075254,36.218597,-1
5.5468154,26.632061,8.683186,52.516075,-26.960583,67.48315,28.695747,86.14943,15.254021,95.19188,28.3813,0.63149333,13.6059265,33.55665,26.696388,16.465029,25.326385,8.254926,-5.6281576,70.033585,-1
-10.532286,6.335889,4.7478437,-3.5398307,-6.8115015,22.060072,13.727293,8.065831,-13.996689,-21.721682,7.455991,38.340652,-6.6015606,-9.538955,-17.89716,9.125986,3.1793833,10.728249,-4.9736743,18.258846,-1
-11.492081,42.30166,-17.731466,13.796216,-1.2696695,48.63965,-17.990707,49.06167,15.296614,26.861462,13.217266,11.175037,11.730623,31.551445,-3.6538007,3.5357227,0.398726,14.083309,-3.3301656,29.252121,-1
-45.98419,48.688416,24.370316,29.907717,-39.48735,66.47007,24.226704,64.18614,-30.477564,42.17873,-19.354235,15.447235,-8.689495,26.060144,-30.651714,30.476643,-39.898968,34.263573,-4.323039,68.80791,-1
24.594337,-0.064781666,15.568163,-11.036228,1.2604299,8.306215,8.144836,2.4888535,-5.061404,10.760574,12.075022,33.372692,-9.858353,-3.4780245,37.3864,-4.654522,46.09177,19.24328,-0.9514055,-16.050274,-1
-63.12922,55.526627,9.280306,23.748917,-12.672707,2.1501436,-14.077522,27.853634,-9.029782,21.071102,-17.592705,21.97498,-26.778502,36.13669,-15.197712,17.120129,-14.949187,32.495174,-24.744984,-6.4394917,-1
40.552643,0.804718,1.6774073,23.485146,5.4158077,40.210575,49.452106,105.494896,13.808377,35.56441,13.85201,24.44929,15.649654,1.5591984,-20.024292,8.244513,55.279556,50.404217,10.366685,102.64249,-1
23.498682,-14.071593,-2.773531,27.620296,-9.095052,19.95132,8.683309,-3.3906858,10.561477,20.346422,-5.0982146,-0.6320162,1.4863176,-7.801856,12.477056,5.0744367,8.808843,12.34277,-0.5421777,-27.29607,-1
-0.2649269,32.489296,24.070936,2.8804286,50.762978,3.2892628,19.644323,82.66783,-11.313076,22.955791,-3.7364588,1.5581903,8.933632,-12.581997,-1.5073609,-1.5408764,29.446373,52.481243,3.427744,41.324463,-1
48.740353,58.33243,1.3234944,4.8981466,-58.925648,76.60628,-0.6340189,-82.65274,-3.6908474,48.166313,24.763927,63.509224,-8.291199,57.882065,52.573227,31.39838,58.64801,16.512974,17.303802,105.872826,-1
-60.296852,0.42123508,1.3548222,55.465,18.32658,25.159481,9.544141,137.54695,-16.410381,24.855518,-17.304462,3.287848,-24.56062,-0.20527697,-28.152605,-15.051388,-29.90896,-11.740761,-10.694059,56.848198,-1
-49.15074,115.64239,-39.83288,-15.563267,3.4344091,59.87162,-53.50446,-22.942213,32.389538,36.186024,9.731934,27.122356,55.829903,50.967155,34.391262,12.641121,-30.362381,43.45525,-27.764761,-16.551292,-1
-107.50638,79.20036,-14.930993,43.680046,-92.03877,126.47076,28.224972,74.510376,-27.359169,52.121178,-13.138002,12.688866,-46.234695,40.049328,-30.541014,13.991951,-80.16217,-16.022024,-14.527734,102.73169,-1
-35.419575,11.39087,-0.42000985,11.762634,-9.92652,23.73415,10.846961,14.560276,-0.7540951,21.519922,19.583076,12.842777,-10.105347,27.063532,0.92096126,5.0121603,-10.522592,15.515636,0.066612005,30.179314,-1
-78.34711,62.89502,-31.644009,23.154453,-19.082987,58.69604,-36.12967,68.81396,-10.432796,27.263638,-34.87049,21.207405,-45.566425,20.590826,-23.573105,11.882645,-37.75768,26.92309,-18.955166,-1.0605955,-1
39.678596,29.225863,33.914375,46.27038,-27.525799,74.58827,29.845528,66.07066,-16.933237,58.919308,4.621497,52.7788,18.010588,35.893524,27.497192,34.749023,44.588047,31.62828,-7.145431,105.86842,-1
16.653702,-9.95912,-3.4126441,11.123659,4.0006514,-2.3823435,-3.173853,52.459633,11.777348,19.950418,-4.862086,34.94152,-5.8029284,11.814807,1.0310335,-6.027156,29.073536,25.275309,2.317258,19.581623,-1
43.22314,15.868054,22.82003,12.867113,36.173103,24.332737,27.563595,27.762266,2.6288123,18.488289,8.995144,18.359077,12.435988,21.777868,35.03487,11.791511,57.01271,60.642136,-16.563358,54.888542,-1
118.57736,-32.62105,46.50692,37.761917,38.282944,28.57547,81.70303,63.79527,41.320396,90.23515,5.472481,75.26179,39.260174,22.18945,88.79002,55.605904,101.62863,25.874172,-3.8389442,139.76724,-1
104.463394,1.4793389,3.5141296,9.918617,20.67018,-14.04624,22.410025,44.438683,-1.1179757,-5.024492,-2.9419374,27.910831,60.13141,-5.364174,7.3960238,3.6861207,106.8804,70.5176,3.9455032,-1.7078004,-1
157.0235,-14.937502,35.794823,23.265099,76.09921,10.369746,69.52109,84.8925,43.34682,69.15726,15.536552,78.37514,36.38851,17.390392,71.54056,5.1025977,119.878105,26.229603,-36.30886,72.617546,-1
180.27835,-33.792645,82.11772,34.377697,84.17283,-38.408756,96.38454,68.430984,24.439213,24.412136,5.6208477,45.472878,60.72205,-11.757954,78.924934,30.162247,205.0639,50.76067,25.072205,125.644005,-1
82.29754,-25.22138,16.189156,11.863997,61.074524,-25.178764,0.15170991,-6.259864,8.7713375,6.7865934,3.603055,-1.6419486,27.008183,13.726722,32.76967,0.030474663,64.30927,28.567781,5.057936,-2.9050598,-1
211.49084,-34.752502,56.472588,9.45861,148.5908,-95.05777,77.782295,94.95235,44.80934,-4.412307,1.5378609,6.4384117,104.77567,-27.047964,68.80174,3.3228874,205.41495,39.480255,10.532906,54.48957,-1
175.04218,-37.204506,78.22205,0.44275665,70.950806,-47.060513,73.981804,-17.925842,48.373497,18.041605,34.99431,-10.9060135,130.31296,-8.773142,106.324326,30.889194,229.81642,8.322774,11.765686,67.935684,-1
186.65443,-84.12985,44.811195,-1.2565875,100.11146,-163.39587,44.051178,-44.97813,22.727509,-21.061975,6.5544806,-38.04042,51.225185,-26.838287,21.832731,3.4475155,138.19768,-15.573449,45.85541,15.975714,-1
182.90652,-88.064766,68.45856,-39.702377,127.94511,-113.74349,58.402092,76.60358,27.265736,-25.263695,23.612873,-22.623842,92.09954,-61.859116,80.57855,-24.7814,224.82475,0.18886948,-40.55543,-23.027779,-1
225.34695,-70.23746,71.23093,-25.004272,81.30275,-76.21154,92.61623,-38.91647,1.4552464,-6.060628,65.91482,-18.549404,67.743805,-36.15795,95.45773,21.653912,149.1295,-18.251772,60.999466,48.89884,-1
119.544655,-43.461052,14.43672,17.36364,3.1389031,9.099537,16.746128,39.925064,51.19858,-2.3426735,-11.800611,13.722112,60.239353,20.10356,1.0182762,-9.538149,87.09199,11.527786,-3.8261554,-24.14425,-1
124.64624,-13.345024,43.264378,-49.36953,90.887146,-69.43947,45.167557,-31.678665,28.894505,-13.70637,45.364754,14.939881,100.24404,-25.73035,83.31703,21.318104,145.17725,9.002664,30.331688,4.4989843,-1
107.694,39.03591,66.9457,69.69016,40.1796,43.038654,145.51367,115.71051,48.160286,64.01871,20.392805,13.113396,97.51021,22.954723,30.663458,40.715168,157.32834,47.86282,69.81679,127.9292,-1
83.33725,14.09993,7.771351,3.061081,3.9661088,-10.209333,7.489064,42.67388,6.278714,31.800896,25.60156,-2.0291421,26.121496,35.69095,58.045975,12.272165,95.50056,24.809769,13.928358,20.83275,-1
103.71634,39.268288,83.07816,63.841393,105.19661,8.258696,132.8324,141.12119,28.170313,16.121157,47.82601,49.209187,95.339905,32.08252,61.512405,51.86274,165.57468,62.710293,33.687485,94.75804,-1
85.01724,6.7010193,58.340584,37.417213,52.55607,62.009964,121.67339,82.96682,37.21973,59.7307,57.953606,26.471317,107.768906,41.911278,57.537292,31.275024,158.16048,43.155598,58.61117,103.239624,-1
119.69324,12.4608135,16.598133,23.85436,9.771951,57.253242,35.719856,115.6902,17.713531,35.670605,6.1889334,46.799057,14.844996,20.969177,24.69404,11.708594,85.89851,24.750465,53.182682,76.067696,-1
112.96727,81.17877,77.44051,35.806305,119.57796,-25.639305,56.39586,46.33374,70.09775,58.798138,50.715595,25.371971,134.7056,20.682531,57.784233,10.010104,228.18057,77.99828,19.328836,1.0131955,-1
151.18533,56.00972,85.578125,71.90936,20.12768,98.561066,132.99403,154.77013,54.350525,77.1382,64.37146,43.092445,108.645645,67.85028,109.49118,55.74039,142.97623,104.22581,102.63101,130.81322,-1
154.15468,-23.474394,10.682518,-10.416891,21.480822,-5.6360073,16.385777,-1.8331969,5.79661,21.333376,16.65672,37.36116,41.167805,-18.789368,13.517117,16.00088,61.36458,17.226894,35.031616,-2.9056945,-1
213.19666,45.82161,86.916534,53.551685,126.960945,68.08057,47.089542,205.10321,51.238167,32.24756,41.544323,20.177664,88.61141,46.131107,99.289825,21.908142,178.58011,158.22461,39.935635,50.170372,-1
127.54126,-0.6436596,37.133358,12.992548,91.77231,-82.19481,76.99158,2.813591,24.51787,6.830501,10.2796,-24.697762,96.72478,9.017736,42.46631,-2.0354414,95.08562,54.224632,20.538877,25.27188,-1
110.77145,-36.095047,61.683205,18.436283,71.20111,-99.56761,97.37256,107.006226,-15.880802,-18.250877,10.72591,16.178406,34.096607,-39.450924,2.6104362,18.94038,123.203,5.0942707,5.877223,44.09399,-1
137.26962,-50.417595,50.298565,-5.34089,59.83824,2.2019873,-6.55354,-25.59676,36.2226,-35.53258,22.637228,-11.138523,62.48709,-4.8643494,51.20746,19.985573,125.400734,49.07257,20.181622,-6.743703,-1
86.04445,-73.062225,76.41586,30.368845,46.271408,-20.786552,88.33053,32.357693,21.40932,23.941057,20.940985,36.907196,40.33651,-51.286015,45.642044,11.460217,141.62521,-6.8781824,40.652992,48.011246,-1
1.6453857,-8.866634,2.805169,-12.606459,30.895945,-21.672718,15.300667,29.18124,18.9659,-7.4415646,-1.7527475,-27.449894,7.677641,22.746582,1.9466786,10.817916,64.07681,4.8559947,13.544358,-10.349185,-1
33.664574,-32.808384,43.223324,-14.64481,30.571611,-28.113176,33.71391,-5.2917852,13.601997,-1.1140165,21.643517,-15.166887,60.38868,-45.734207,50.3861,-18.24464,101.98517,18.940342,11.737068,-29.58979,-1
47.094772,-77.377525,26.290724,-23.116585,14.828966,-27.109049,38.83242,-64.53114,43.67151,21.906628,20.259014,-10.779476,36.482933,13.19982,39.92823,-6.2839174,11.648805,-90.069885,44.33956,-33.57887,-1
-11.74091,-17.843182,1.6525111,-0.33367968,12.937005,-7.4004374,1.4153461,-7.9139557,-11.162955,-30.9514,-3.6124487,-12.59499,5.0983276,4.2282996,-15.458738,-11.449348,14.4897175,5.839801,2.2502856,-5.1711917,-1
56.41381,-60.117676,-4.8148966,-108.46214,52.32851,-88.52707,2.1408691,-113.30664,15.443829,-38.198826,23.590984,-47.394352,47.388546,-27.312439,12.719757,-35.04032,32.856445,-97.68682,1.9595537,-124.451675,-1
7.671507,-98.646286,47.314175,19.271963,-7.6772585,-61.235798,25.749844,-10.070457,7.1522336,-45.841732,4.154793,9.13423,-13.588211,-10.216019,21.806187,35.323204,35.99638,-13.572084,19.872198,46.663486,-1
16.35469,-23.123446,5.981529,-8.690603,14.242239,-3.6575117,-1.1532779,0.61603,5.5806513,-4.7042885,3.5967171,-26.295492,-19.929398,-20.827291,-11.602266,-1.2595325,37.685898,-9.349553,-6.445979,-10.097585,-1
-5.2336383,-76.01922,22.409151,-21.720463,40.130867,-88.805115,-20.246155,-30.15499,-1.0601056,-12.365419,-2.8141255,5.9151855,17.667313,-14.131644,19.510815,8.394721,16.045982,7.040664,-7.5384445,-12.190242,-1
25.505495,13.022392,5.524039,23.607206,16.784101,54.44674,16.84606,47.06235,32.03776,28.198168,28.851135,-10.001774,25.223469,-10.065705,6.552208,0.74976254,27.53847,6.924429,65.430145,50.831734,-1
3.5234337,0.15666533,5.329918,12.294791,3.200069,11.543285,-10.731466,-31.99969,8.5355835,-9.324139,11.105438,12.423872,-5.014787,12.501339,-9.7778845,-7.832205,-10.603754,0.16034889,-6.218815,-18.249773,-1
29.111193,-0.115953445,0.726964,-18.085217,44.84992,-33.626514,0.7412567,67.64911,16.96961,10.89654,11.967351,12.427124,14.581228,-2.7678127,-14.681181,-21.889378,19.861027,11.254061,24.898039,-9.694038,-1
-7.3146186,32.74806,-13.163406,30.80674,-19.700981,28.333384,41.94038,81.22188,22.34794,50.342377,7.37699,22.252268,31.438633,18.664745,3.4009287,6.603206,-48.65952,1.2799938,26.826702,75.2557,-1
-23.00042,-2.3863363,18.334572,-44.162098,0.44762737,4.8585463,41.15132,-53.073166,-14.254694,8.894454,1.8054594,0.9871291,-34.80513,5.227298,18.963333,20.510944,32.47283,38.140392,0.0033273697,-0.8360324,-1
-42.912903,76.55638,-25.632889,46.326927,16.973892,31.956501,-91.73453,-4.7873306,-3.5144255,23.33267,6.672097,-7.9600163,-46.21942,2.3702068,-18.541685,-14.868308,-86.77502,-32.64335,-3.0100822,-24.000193,-1
-27.078823,17.990433,-15.589721,2.1364517,-83.83896,44.363873,-29.649519,-4.103323,-24.005451,23.994045,-11.155176,28.737288,-57.54618,7.775404,-12.794432,-1.4661641,-80.9987,-21.11171,-18.296461,38.640385,-1
27.3633,20.810162,-12.210112,0.70340466,-13.18549,-8.648759,3.0353043,-18.12455,1.3022089,-12.966641,-24.60085,-25.92535,-7.652443,6.693456,-34.76981,-16.985802,-56.163834,-1.3381653,-0.22321701,7.6635213,-1
-42.20485,9.131611,-39.43331,-32.441208,-12.90837,16.130314,-53.965897,-31.662716,-28.594759,3.3420162,-22.536646,-14.581894,-54.10772,-21.984077,-62.99512,-19.676785,-135.83163,-29.474499,-46.906784,-30.879728,-1
-55.330612,13.244503,-28.275757,-24.027176,-44.26034,-48.94651,-66.19203,-127.64038,12.466498,-22.955185,16.854567,-4.3294373,-27.71024,12.801717,-9.422231,-11.69492,-102.58406,-57.286972,37.531456,78.6937,-1
-10.814637,-4.7720194,10.467888,-4.4799747,5.000704,-34.854866,-11.364136,-53.36017,-1.006855,-18.045404,11.647812,-22.548096,2.2959766,-15.556347,17.234493,-17.043884,-5.624216,-3.8606346,0.1621114,-10.801062,-1
-23.857567,29.239323,-39.12368,-33.217873,1.1407454,-68.35875,-84.02725,-146.56529,8.530535,-38.092224,-9.400801,-13.253842,-16.639988,11.72438,-54.87714,-14.7374115,-115.59795,-55.830723,13.575014,10.730371,-1
-14.47811,29.07405,4.5346975,33.96501,-59.01863,37.483685,25.069199,36.726765,-12.0573845,63.52285,6.151432,36.52036,-11.75949,-6.3226304,-12.180106,12.352137,-0.65343666,-19.310604,39.79476,93.92613,-1
-55.75686,2.379281,-16.937963,-26.267017,-11.125105,29.747398,15.733277,46.892,12.845052,-0.4700091,-2.3336024,24.728367,-12.335423,16.18884,21.067505,8.40807,16.86196,9.235378,-2.729687,14.172898,-1
-56.503654,11.797345,-28.786366,25.01804,-16.50627,55.85291,-12.74374,26.115673,-23.265682,31.060734,-8.127421,15.778199,-12.1298485,5.3933735,-39.977787,-5.536351,23.028116,4.607144,16.818947,21.791452,-1
-84.98558,42.40324,-10.342415,41.384583,-75.31949,135.08704,25.35747,161.00421,3.0308347,110.85968,8.908358,63.39088,-39.065857,54.603622,-5.591171,25.809433,35.575714,55.88631,26.343401,144.70596,-1
-33.481476,18.978336,-0.09643561,7.396276,-26.814531,12.006884,16.524137,42.21699,2.4406986,13.017379,-9.092142,7.454488,-18.140495,2.3490915,17.037949,3.2695358,4.8549833,4.694131,4.954453,-25.379406,-1
-33.97901,53.866867,-11.4130945,12.055576,-16.47848,102.777084,-21.186783,157.46246,-6.9987803,57.965942,10.243931,25.022945,-12.249995,40.401947,1.4537092,20.80991,21.662598,53.99225,-0.14682889,96.69559,-1
-6.852993,2.6562614,20.816183,98.2485,-23.67057,73.064575,80.17871,157.92134,10.603929,99.49393,-6.602335,76.34084,-0.8474479,52.58092,-6.9222136,25.454725,8.021149,66.82729,16.741062,117.120285,-1
6.697791,19.87545,13.684132,-11.622572,-16.750372,93.63897,14.992193,50.881443,-7.680298,47.596676,34.06273,18.973366,-20.145193,53.48355,52.200893,20.558426,78.45543,33.273727,20.736515,81.15274,-1
33.50437,61.06761,38.0235,40.782093,27.967781,112.16034,96.53466,176.9239,31.605701,31.76497,-5.8381186,40.43242,40.65002,45.711285,31.564178,10.357061,88.54318,128.72704,1.894737,-32.965485,-1
74.02952,2.4842777,53.471394,79.39669,25.941246,74.91879,93.45681,172.2445,22.302963,84.26387,24.896769,64.915596,23.95612,44.657806,17.241177,43.667328,82.53924,88.63089,50.68847,163.23032,-1
24.899748,-1.6262474,-2.7723439,18.840939,4.5694504,-2.0860064,16.904055,37.410812,-2.6845872,3.4489648,4.403886,2.6825242,7.4977846,17.57964,-2.8322139,0.64966893,26.034306,8.723446,7.511469,22.530403,-1
60.016945,-5.639275,49.028694,47.901146,66.66083,69.33846,48.703022,109.56677,1.7143643,33.026276,5.8877916,54.88578,0.97370386,11.61718,19.34198,27.700089,75.88581,89.18985,18.902958,68.81404,-1
-7.071061,-1.7616835,34.17851,76.212746,-59.809925,88.50925,74.863266,146.23592,19.96315,78.46894,11.274388,46.01833,-43.377815,31.70287,6.1884995,44.274048,37.1617,93.94096,31.84005,140.43213,-1
-9.130537,9.766924,4.4255934,-10.540666,-10.616049,19.484577,8.989861,24.323257,-19.38641,1.0166607,14.078636,25.565239,-7.840562,27.533655,-8.6591835,-2.8452091,-7.7499647,35.625195,-7.9207277,28.598328,-1
-15.725521,36.31032,18.472006,40.17699,-28.373795,60.20343,33.752808,111.133026,41.517643,57.383728,-5.650089,48.6865,-14.158617,41.64457,-22.88432,13.029692,37.46736,48.709015,39.121437,105.97923,-1
50.009617,15.397263,54.090607,133.49832,1.6351594,106.71489,102.01341,127.12774,46.80846,127.73236,29.518759,63.297867,46.63279,79.26483,17.170893,47.671375,-20.026802,132.41447,112.291275,298.33606,-1
-13.345308,-0.406147,11.266695,-5.0744605,1.9459038,34.61241,61.83808,126.20278,1.0800505,31.89566,9.793894,30.827412,0.75812364,20.263962,-12.416365,7.3084373,102.73289,43.65298,-7.353016,31.025589,-1
152.8613,30.822136,40.689346,102.32379,53.259693,89.31108,2.133335,124.1824,66.22473,66.625725,27.3102,50.229034,69.60593,45.947998,28.36707,23.173492,97.34333,151.26659,92.85303,193.92279,-1
123.5764,55.439552,96.69699,82.27925,38.75524,167.57083,153.71184,240.71275,69.97541,79.71035,31.899717,140.78813,49.585464,46.01439,24.269844,83.54449,37.173435,160.03088,92.16487,324.30872,-1
95.50309,15.601432,49.36815,23.762104,34.65766,-1.7629042,54.1009,98.19861,-3.4346018,92.73622,-3.1778536,91.47054,-34.065754,68.29114,22.156448,30.269196,79.87285,83.81187,11.893774,201.12814,-1
106.27669,160.83751,-3.078596,76.99766,107.31256,78.3248,49.354942,176.59303,42.773247,128.91556,12.647726,130.41061,87.8648,77.29072,22.15089,25.91006,64.33284,225.4298,62.47659,298.91693,-1
23.596806,148.20291,43.20436,144.66452,-14.654247,159.83252,80.75627,185.7558,58.807587,219.06442,41.847763,82.244446,-14.18054,139.19481,38.576088,58.591385,27.849083,166.46974,58.501877,365.1239,-1
37.16353,85.41847,42.873924,63.180576,8.625847,28.947094,93.86752,165.85912,29.64923,85.265,0.24571705,91.43231,79.180145,53.34504,17.022387,45.898216,129.551,81.89812,51.03269,190.32889,-1
-3.8632145,120.09942,-8.600377,36.921318,9.052528,139.00914,-25.237785,140.32802,47.788254,127.928345,32.349144,54.86625,17.894861,72.38444,39.252396,29.32336,-7.3470354,102.00621,27.357815,287.3501,-1
-95.19846,93.57103,56.15679,199.59769,-52.086628,252.2091,152.98712,255.7011,40.17235,204.03174,43.944298,190.47424,8.311623,188.35205,81.27248,120.308815,197.22899,162.11626,45.715443,364.5794,-1
-54.059288,90.34291,36.243893,56.597805,-38.07155,115.190605,36.752922,140.33679,-4.758834,110.118065,-11.255736,35.75148,-20.11784,71.71068,-17.491089,11.94667,34.37218,105.59053,18.252483,177.032,-1
-99.377396,224.18336,12.092762,171.5763,-79.4848,331.8905,93.70683,341.7708,26.250559,262.89032,15.28246,161.54211,-32.501953,199.92941,77.7403,93.33717,116.03702,215.72012,45.618618,344.69064,-1
-177.41269,317.55054,-15.710854,235.02402,-94.130806,345.53546,104.28537,391.99188,23.10949,316.88956,25.850466,215.84767,25.735615,221.13815,36.25234,134.73999,49.822643,219.17421,18.575775,352.1102,-1
-181.22885,225.26836,15.616029,148.24698,-173.03899,286.54358,30.783783,217.03961,-70.72257,166.63461,-6.8552523,27.847273,-140.20117,147.61696,-13.601712,12.421545,-30.242767,169.05762,7.5275784,174.21071,-1
-157.75063,266.45557,-51.83402,151.33215,-72.71646,292.10397,20.61031,292.81403,-1.2113953,214.93994,0.88017535,207.29779,-7.3529925,162.32256,27.864132,116.53814,-73.45506,116.74729,-32.60967,243.86542,-1
-340.7471,245.17203,-49.09748,147.12,-187.19601,335.06,-17.997826,257.9319,-69.62784,213.61841,-49.468716,162.25328,-106.637695,180.76059,-84.22885,74.74485,-129.01843,123.63803,-22.613655,272.82938,-1
-347.91144,217.56096,-75.37873,10.0100155,-159.8647,228.4456,2.3002348,98.23522,-45.60219,236.56462,-52.025993,83.858665,-141.53967,112.17479,-86.53006,-1.2857475,-194.62897,94.535194,-58.185738,86.96521,1
-416.64813,269.93887,-108.989975,113.738815,-168.3899,354.13788,-57.54435,262.7843,-73.95501,166.30707,-41.852413,137.85118,-125.78465,183.52777,-70.6253,45.540672,-292.11206,147.23036,-59.74209,142.6213,1
-413.24213,309.99896,-48.18969,227.48853,-223.4927,460.24072,-2.486693,388.4735,-64.09334,235.67322,-44.77912,189.81326,-213.20277,201.54305,-42.63566,99.47914,-323.47534,112.112305,-50.567432,280.26886,1
-452.3391,269.93634,-154.5972,38.4426,-259.90964,362.10483,-131.91791,110.3078,-110.11803,206.38422,-55.957462,123.744934,-192.48563,155.02414,-94.61275,17.748356,-392.64212,28.090395,-97.831345,77.90759,1
-434.88867,248.11673,-122.58354,134.44945,-185.49966,311.09055,-112.7439,176.90512,-90.11873,146.19144,-85.54137,76.648766,-211.20505,156.97275,-119.844604,29.123657,-304.9136,110.29559,-103.16273,101.848885,1
-278.52753,146.2027,-74.21206,29.860252,-148.77376,255.08368,1.8225126,149.34795,-45.610146,89.91725,-44.40832,69.30081,-117.41962,68.676544,-56.683914,4.745425,-251.76288,62.339676,-30.728596,-24.079586,1
-220.28888,123.728874,-50.84414,48.083275,-135.89288,98.10443,-59.265003,72.28754,-50.210716,68.765274,-30.349918,32.256683,-102.2401,77.367935,-12.043611,59.442616,-183.69559,-28.131517,-34.387436,-69.57704,1
-59.451195,69.66051,-73.538025,-23.771067,-55.840553,88.89366,-51.269287,143.97156,-27.94008,-7.5563383,-25.499557,10.428208,-38.82743,21.246834,-63.124355,-12.568974,-138.30206,4.4676523,-31.915737,10.178614,1
7.2592354,-15.802434,39.44616,6.5552034,2.674508,19.030476,55.39781,53.959908,26.61994,-2.1916928,13.089467,-17.778622,69.948105,-14.779844,1.9598279,-8.795556,40.07655,-23.045109,10.259846,-49.766403,1
62.30258,-74.75681,-6.4968934,-7.990422,3.935091,-25.939396,-17.384096,-4.1372476,1.9033997,-1.8245288,-3.5541873,10.266068,-1.0049819,-7.357819,-12.65213,7.2035217,79.450905,-42.281204,4.9621906,-24.24187,-1
91.717415,-84.67691,24.400108,-47.538185,89.00033,-102.71544,-2.6810517,-83.245605,27.694471,-45.85769,39.350914,-37.08475,86.95647,-61.112316,70.813576,-10.180609,114.00134,-42.199093,19.903854,-71.5665,-1
128.02821,-164.50623,85.60135,-41.66947,39.20874,-155.82924,96.49771,-121.52443,7.7071543,-86.00246,42.64348,-65.44144,75.15883,-102.37837,68.546646,-15.164913,175.9808,-104.48178,58.057686,-110.96708,-1
228.49167,-116.47579,11.393038,-19.395391,120.404625,-132.71489,6.5746765,-34.276245,31.726887,-30.038021,15.140281,-51.759373,103.35232,-41.698696,-13.484224,-5.151954,89.59059,-9.422491,9.11214,-120.51486,-1
233.36916,-209.4326,69.79522,-109.4606,174.21606,-298.8676,4.4842277,-154.04309,25.939234,-119.3295,24.720137,-58.175667,81.34405,-112.26729,70.77809,-63.730194,154.12817,-70.744934,8.071669,-147.09743,-1
132.00395,-122.39879,59.74393,-11.44953,69.01829,-67.93796,92.51546,-59.82907,34.54744,-77.268555,17.788609,-80.34035,58.374825,-34.3866,19.264122,-24.723736,111.5697,-52.62876,24.89713,-136.7681,-1
147.67159,-105.89657,-2.1590142,-39.354713,32.14233,-164.0945,-29.487942,-99.66972,-1.8073485,-41.71132,15.318119,-0.8640239,34.21398,-15.460066,17.111351,8.813462,44.56005,1.5694218,-10.559431,11.683243,-1
81.798744,-104.08176,39.965065,-71.13778,129.37286,-124.51576,-10.069799,-131.34879,36.249115,-74.58093,5.831954,-59.03876,51.922485,-109.03276,47.526787,-18.089361,56.70465,-93.08605,23.207815,-116.00297,-1
158.05228,-179.20952,67.95206,-48.1936,68.02238,-204.96051,38.380566,-129.3986,-18.034342,-47.71637,6.4495707,-37.092297,14.167717,-74.205475,45.38965,-27.561768,102.62774,-106.91733,1.974122,-60.265903,-1
63.60891,-38.440044,0.36989975,-23.884344,48.272606,-49.35224,3.05443,-58.533764,35.777725,-92.83023,19.176264,-84.58912,57.26642,-27.963388,40.574104,6.9806204,36.06167,-48.520714,14.971922,-134.81696,-1
164.37466,-201.00967,25.751635,-140.62823,136.5805,-262.6277,4.0450506,-213.0268,53.459442,-92.824905,27.659443,-56.69432,139.53387,-108.92023,9.949045,-75.637436,130.1243,-65.998276,9.157959,-180.20572,-1
158.08594,-108.10268,16.062828,9.415664,44.800873,-86.47114,55.482136,-24.639647,5.805146,-39.879528,14.114346,-18.269735,56.46342,-55.589584,55.662537,8.096949,97.63204,-35.262375,25.211374,-27.77354,-1
200.11873,-106.83469,84.49539,-23.311165,145.58472,-125.82591,67.894455,-36.425377,14.913413,-7.114271,-1.6331,-42.545876,47.991524,-22.05938,2.9050436,-28.733273,135.69107,9.030059,-6.1110077,-47.10869,-1
162.03833,-88.239655,13.905259,-90.32513,112.17107,-194.72037,-32.350697,-95.44439,50.349434,-81.6325,31.236313,-42.42882,105.770645,-72.81839,58.804256,-28.33543,125.22513,5.54163,9.800445,-169.97816,-1
180.90524,-206.10104,114.431885,-1.073286,92.66584,-118.29988,114.09951,-70.86161,64.331726,-109.952576,2.3146734,-10.847802,131.14915,-79.28996,11.552201,-6.0742702,227.52109,-14.318274,42.41976,-117.87222,-1
227.45927,-48.095062,6.9204507,-9.258568,3.1769586,-16.358398,29.421356,38.07776,-10.173042,-20.205078,40.05858,-37.133602,7.747675,-21.798826,66.14867,-4.045454,60.63633,11.521854,16.5663,-38.75917,-1
181.84729,-184.71481,93.82571,-61.304688,174.35768,-216.17693,43.61686,-107.80748,60.052956,-86.793434,54.319855,-76.622215,121.43417,-87.88611,49.548035,-50.521805,201.05829,-18.037592,24.296293,-120.306564,-1
286.35364,-136.42754,119.06242,-36.292976,186.48465,-174.35938,108.46378,-46.07667,95.634766,-20.948696,69.51158,-24.411383,156.09836,-42.067287,113.64227,18.00999,206.29532,-23.822025,50.386,-115.432014,-1
152.83435,-45.756508,32.572002,27.534534,29.336472,-29.307568,69.22774,39.738262,-1.9743872,-33.859383,13.5410385,-16.291481,22.183277,-45.436043,44.877808,6.900994,137.11026,14.940758,15.17876,-16.53658,-1
272.82092,-198.49374,97.41394,-93.98432,181.84412,-171.86374,134.56982,-20.98074,59.71426,-66.54088,51.601345,-52.462048,165.70721,-79.86236,111.97727,-24.053959,252.22777,1.0168114,50.245464,-74.52008,-1
324.96402,-202.19897,132.09747,-23.53769,200.59276,-224.87772,144.39536,-45.187138,49.580482,-47.664543,82.4337,-47.392914,121.36443,-34.565258,98.21008,9.156346,293.56058,-40.38314,98.65065,-13.850136,-1
206.35922,-81.73753,34.483093,-32.198864,100.01561,-101.73035,72.16705,22.811901,31.461662,-65.56358,21.690884,-44.56291,62.713722,-58.715942,36.305508,-2.156218,217.367,-6.446868,18.402357,-87.59546,-1
283.4537,-151.73776,85.494316,-79.33826,210.39642,-258.0866,52.577328,-96.25212,60.518032,-103.938,73.78244,-59.131752,181.85587,-83.12625,77.046745,-59.03781,239.05405,16.162601,64.87959,-132.57664,-1
228.31711,-139.53668,120.48764,0.35390377,113.97624,-74.421936,150.40227,34.82267,63.723137,9.231447,44.41252,-24.802242,104.87206,-29.955898,106.28438,49.896057,273.5754,19.903477,50.83114,-0.14471817,-1
202.89418,-81.47386,35.231445,3.7329865,96.51208,-120.58319,4.613308,-6.4978237,29.596216,-35.5763,41.150154,-6.11644,68.76344,-52.76067,45.801807,4.802415,157.48889,24.462158,30.526756,5.4561462,-1
196.5363,-158.31503,70.18183,-25.083073,170.70078,-194.71227,102.92149,19.70493,69.07305,-67.98889,21.44398,-39.44403,141.19531,-67.48732,131.24321,29.671497,254.12683,17.610558,0.318779,-76.90805,-1
227.21654,-56.656845,93.58271,41.054947,103.85658,-79.727325,137.16492,86.13742,67.4407,35.83214,49.87421,22.604282,111.06604,11.417059,70.205986,16.472372,207.20871,59.084946,68.144104,65.965996,-1
216.40341,-56.094025,60.70836,16.296398,106.09053,-65.405685,84.19442,33.605938,61.083534,-7.041322,43.624435,10.061169,117.539375,-14.440353,69.303215,25.393127,195.1594,0.10350418,34.474236,8.279075,-1
137.73479,-8.374279,52.744286,-17.105907,72.035034,-54.58731,54.586723,38.72741,33.759136,-15.749021,33.933456,-6.041378,38.38584,-4.8418655,68.54088,-7.22746,185.05164,78.706085,6.209028,-66.56572,-1
256.363,-22.985897,115.690575,85.27462,84.0916,-2.5935755,175.74184,136.92776,54.461815,47.092857,61.448727,57.730247,134.43553,-7.3377748,127.13178,58.35961,209.03537,74.50273,126.75172,154.83224,-1
69.8886,-7.126013,13.816187,5.159475,16.535213,-5.46109,15.060612,22.089268,17.772394,4.572729,8.795153,-2.1423855,10.247597,3.2260294,11.556254,4.8502717,89.81192,25.48313,-17.73322,-39.125343,-1
161.46133,2.7467241,71.79985,30.108479,112.75514,-31.043003,122.71594,124.820335,52.913467,29.064264,41.31952,18.7033,123.17487,1.4516792,117.12732,43.894325,206.03458,75.72307,51.056446,97.39508,-1
241.60669,-32.670578,127.817764,79.32805,63.22963,37.69495,227.5731,166.13348,86.79016,88.79303,53.15274,106.0485,140.07051,89.65816,101.49289,63.890667,240.75128,83.763,57.46548,94.75158,-1
62.102383,13.942235,-35.47294,-9.035312,-2.8091984,-55.627502,-30.809193,31.589558,-17.259472,-17.802156,9.910967,-15.433233,-7.4655147,1.6219604,-0.70517015,9.421528,136.73627,30.477793,10.372643,-24.693445,-1
183.24225,-46.55951,114.99577,53.60054,107.605865,82.01632,168.74142,178.15427,75.89934,69.41991,75.75416,77.88675,109.53172,34.987534,149.5589,63.712215,206.18733,104.89024,78.85905,82.96469,-1
214.72101,-47.181885,109.8056,106.69272,63.740894,60.246086,128.51886,187.29048,30.117002,74.027534,31.913921,62.681484,62.28711,37.72021,101.02614,41.166508,200.31793,102.73487,58.86049,169.13895,-1
118.993,70.49946,76.34023,18.52071,13.167316,8.612406,70.657326,86.38448,11.417755,15.039648,9.95395,16.534895,42.77306,13.834705,3.8595695,19.979254,101.81959,11.123083,0.77457905,21.333872,-1
154.60931,-74.7507,67.25634,78.14619,137.1353,15.645795,78.23362,148.86542,61.747906,23.930012,56.587273,10.089109,109.279915,41.45585,113.77967,24.258476,215.40456,110.23764,41.882465,86.443405,-1
166.78421,30.389915,65.60681,62.042496,52.232967,34.00814,116.064255,152.66849,51.914032,64.11252,53.977913,78.980316,90.38456,18.604881,90.798615,66.52995,147.69939,89.508606,37.899532,85.713486,-1
41.10179,10.0744095,6.7786293,8.836678,-10.867435,37.579292,25.986717,41.26953,47.732567,67.88356,0.12817001,11.514828,39.597538,29.750765,-1.1990614,4.9626403,65.89472,1.6761351,18.368387,58.091137,-1
62.965096,82.02818,66.94759,53.050316,91.00671,63.305576,55.870586,172.25766,21.12728,36.645367,23.062027,43.35529,73.90058,36.508194,66.653824,5.490328,119.076866,117.46361,15.432468,92.63296,-1
-15.024597,66.16097,50.490257,36.042175,1.5573802,50.615536,6.560448,-14.942473,38.12849,64.026695,29.32099,26.318663,20.74873,39.69594,46.649117,26.797106,51.509155,28.780144,54.260883,50.08265,-1
35.846466,48.003258,-53.211224,6.655536,-69.11625,103.522575,69.67029,59.03898,-25.116238,65.71562,5.635559,5.9047933,-32.340206,37.320923,16.691578,7.1021185,-14.929164,-33.96266,-30.713179,13.08675,-1
-94.354485,63.14162,-9.993294,-20.09695,32.40499,-41.24329,-84.167366,-54.900185,39.730854,-44.989315,6.79375,-27.644869,2.6172419,-29.552128,10.1043005,-12.85853,-17.095633,5.679865,2.7350483,-47.558426,-1
-91.66135,44.134766,-45.493484,-5.9946547,-81.30188,57.858234,-32.245094,-66.645836,-25.847422,32.780525,-22.711933,31.871809,-33.965343,19.314367,-24.160763,10.868059,-64.45173,-73.541016,-16.86565,65.24401,-1
-24.844912,12.193583,-6.3974757,-10.201963,-1.3487313,-10.161708,-19.96893,28.121624,-1.025151,2.741542,-4.558556,-21.649708,-38.280525,-10.7087965,-3.5888162,-12.167852,-47.94532,-20.05962,-3.8007374,-10.164966,-1
-104.7412,18.76426,-30.305054,-15.245886,-46.669975,47.595993,-59.29244,-90.36278,-2.59486,-1.3530188,-18.690777,24.622528,-25.241056,-11.77463,-31.943314,-21.960472,-79.94581,-23.967356,-21.855095,2.5255203,-1
-43.365288,75.09836,-19.955013,34.024826,-62.514427,46.679173,2.362114,84.13486,13.642164,41.963593,16.642593,5.228508,12.6511345,40.15717,5.3332624,14.008814,-28.141008,-34.406303,20.718267,72.55999,-1
18.126324,9.49659,-8.147947,10.678418,-1.6883335,-4.2944665,4.6478405,-13.324887,-4.1460795,25.692585,-3.2319999,-5.2371397,9.703911,-5.826565,-10.183949,-8.496954,24.118431,13.196238,5.8090987,32.352142,-1
-45.09075,65.146255,-34.014015,-7.4519815,-21.535522,56.150257,-35.407337,58.360504,6.0873528,34.902435,-4.6104484,14.076774,2.5493906,33.851444,-15.856488,11.406125,-20.306145,13.925601,-3.5695524,23.96883,-1
-15.030407,24.766901,37.62363,58.697384,-28.510654,111.55173,-4.7186975,49.979847,18.880413,74.16288,23.723293,42.503414,-32.373055,41.78484,50.070686,36.055454,-14.165903,34.38557,36.09283,42.21753,-1
-32.7276,72.7191,-4.19003,-21.989395,-24.89008,13.673083,7.632867,22.579021,5.511275,9.434627,-0.9954953,-5.266975,3.2215075,13.3557625,6.835058,3.9224768,-28.173893,1.9247354,-1.6479907,38.53098,-1
-55.09406,106.355515,14.131577,52.315033,-38.21411,135.73523,-47.568714,5.476555,-4.8022623,52.202328,21.560814,31.725166,-3.784852,21.416265,3.3861299,-7.9812717,-61.73734,30.769993,26.929064,40.80233,-1
-88.13194,100.246086,-55.158802,26.568562,-76.7308,65.35217,-8.133818,-8.095165,-10.411851,55.83,1.890542,1.7266569,-45.910004,47.373665,-5.5276475,26.050875,-17.044533,-37.858963,-19.450235,74.77123,-1
-59.91638,58.07325,16.335815,3.8030298,-5.870309,27.979105,-24.522839,-54.99592,13.754225,3.1384096,0.80842125,7.1516547,-12.376488,5.0382853,-4.7278414,-8.590383,-159.56763,-51.06937,-0.6300308,-11.517317,-1
-161.17528,74.56285,-81.37429,2.8719883,-42.792923,5.1444073,-80.132965,-20.824253,-19.20462,1.7892892,-6.573429,0.010310888,-47.741184,33.198963,-26.390326,-13.532511,-54.57428,-57.002655,-29.880928,2.2390594,-1
-125.594086,33.900326,-31.923727,-30.069395,-13.711126,7.9977846,-80.980484,-45.0175,-37.517498,-26.346535,-10.25192,0.54694605,-26.882683,-4.725671,-24.329021,-15.943511,-136.60886,-14.249472,6.132623,47.00319,-1
-48.844833,32.95404,-33.93596,9.595898,-38.905624,55.82695,-49.58996,-80.82979,14.221554,27.540531,-27.140224,-45.21867,-3.5325375,9.473016,-30.10067,-12.308233,-64.66466,-71.87854,-8.448648,-28.850517,-1
-130.59798,58.84157,-34.23047,-37.159023,-11.292753,-53.077774,-49.205322,-53.13108,-32.891376,-3.6529899,8.068359,11.682524,-55.543915,24.55832,-7.173191,4.548414,-143.20575,-23.345066,-4.979617,-12.174511,-1
-139.74072,49.653347,-74.171104,26.328056,-153.24283,133.36215,-106.39941,-73.4467,-24.44851,25.589092,-28.753891,-8.835476,-63.938457,28.054245,-48.068985,1.248703,-124.16389,-105.414185,21.905178,44.820385,-1
-76.30798,50.790585,-2.739295,-14.195936,-15.437731,54.86559,0.44850612,-30.093245,-10.944399,15.464015,1.1172786,13.623976,1.4167628,-5.8580008,-10.239651,-8.2018795,-126.515594,-17.360611,-13.124614,-16.563152,-1
-115.13267,61.8927,-88.67415,-19.139706,-93.43918,76.71398,-146.06154,-130.02544,-26.110508,-13.623734,-39.450066,-31.838999,-51.04373,17.390121,-46.584805,-19.858633,-139.88367,-84.224045,-29.500305,-31.308748,-1
-103.85169,14.405226,-42.35208,-13.607633,-51.59532,-23.564453,-66.8632,-99.924164,16.629883,-9.713151,-4.289566,-23.963745,-37.142918,-25.271822,-36.836834,-16.029623,-107.29895,-80.920715,-3.226962,18.818016,-1
-34.123688,8.007301,12.08707,-7.9100018,-40.46424,-1.9710617,39.043667,1.9970908,-13.526859,-5.9856496,0.9038558,-11.350479,-5.7365074,-2.9678452,5.0064144,2.4816194,-63.234352,-64.40486,10.3246565,14.148621,-1
-105.13468,-8.295604,-112.023315,-87.49436,-51.53428,-65.02786,-189.43533,-184.01474,-2.5346615,-7.1306696,-11.565991,-33.798225,-36.804478,-28.770647,-39.72552,-34.370026,-123.26785,-99.34153,-36.017498,-38.333633,-1
-53.758923,-25.081657,-61.87709,-17.566853,-147.10716,29.188135,-18.03729,-145.3078,-16.744062,-38.088135,7.4731946,-41.192886,7.695757,9.436398,-6.1674814,7.885643,-77.26218,-113.01818,51.485672,-28.36058,-1
-23.86972,-0.65572155,-17.685095,-43.59007,14.004011,-74.09519,3.3182359,-36.865696,7.7476506,8.202478,-2.611246,-20.46519,-8.608195,-13.217346,-24.756058,-17.347557,-38.309578,-40.170746,-4.0745215,2.5227084,-1
9.889288,-13.848127,-39.83149,-105.18677,4.3347864,-143.3158,-77.77963,-151.71722,-16.59727,-65.268776,-9.4695015,-42.08481,3.0152328,-41.36381,-24.404137,-3.8266454,-35.538372,-78.43984,12.290111,-128.71259,-1
-97.884766,-14.660005,-2.8247044,-6.4769716,-16.609358,-10.857729,-7.1455145,-62.37449,16.657747,-7.627102,4.5652575,-25.28329,-3.4988995,-11.92902,-14.180323,-22.59205,-54.00128,-74.92642,7.9790993,-19.610014,-1
-16.23765,1.0592711,10.25662,-18.044548,-16.250397,-1.739778,-15.201559,-23.971815,-18.694075,8.469572,11.3421335,13.022301,-33.61722,-1.8188572,-2.6574569,-8.754032,-15.844673,-20.62539,-14.132158,-75.808975,-1
-71.39542,-20.288336,-11.369789,-37.99332,3.1926756,-59.499046,-69.21004,-116.0426,20.496778,-52.53963,12.908726,-52.830498,41.073647,-36.152885,-31.682255,-46.26124,-56.271584,-33.948547,6.18018,-31.767548,-1
-8.054765,-12.891341,-0.7004558,-3.2032418,9.268246,-36.539772,0.2583084,-63.385746,-9.881203,24.14133,-20.393602,-1.1744266,-29.06839,6.1284246,11.643085,5.265388,-15.807811,-22.591516,-8.109174,6.105539,-1
11.481367,-26.577913,-34.153286,-19.78796,-75.21808,16.395933,14.503825,-23.442745,-18.238104,-13.970478,5.9777393,10.403321,-23.715422,-1.892745,-0.4260602,7.3893905,11.032705,0.8617382,-12.400713,33.814926,-1
-17.425903,-19.274403,10.465937,-33.516357,72.941696,-42.56424,-51.662083,-51.01606,1.322017,-25.853947,-8.039543,-12.631185,22.186764,-23.576618,-16.423534,-30.72948,7.787568,-47.390396,-19.680265,-45.005463,-1
73.00345,-90.048645,40.586708,-61.704346,4.0805697,-83.434906,50.55367,-50.723366,14.795044,-3.3077164,34.61351,-64.729904,46.120396,-32.618855,46.35907,0.9325626,68.591446,-57.010624,38.94262,-36.25347,-1
44.703365,-18.332108,6.3811197,-0.86486703,9.892843,-31.653864,-14.1678705,-30.548155,8.232023,-24.742939,-8.614164,-5.552739,-5.3962255,1.6843045,-11.10779,-13.374792,29.605331,2.0323997,5.5929823,-2.35711,-1
85.49032,-57.709305,41.02661,-77.74201,38.23069,-116.183975,14.94969,-82.769005,-1.5767131,-47.39474,35.869663,-45.144783,64.63241,-34.254173,50.86026,-20.915009,63.704185,-42.806538,17.127426,-63.7164,-1
145.0776,-124.966736,49.230778,-11.484208,55.935413,-76.80534,60.63852,-98.3716,38.480663,-64.65142,33.288452,-33.913685,100.68453,-51.601265,40.610447,-3.7200346,88.00311,-49.647804,49.944405,-87.16136,-1
62.127182,-19.573063,-2.6872063,-12.038846,58.616154,-73.68196,17.604353,74.547646,-13.265367,-17.329441,-12.4779,-5.3096766,-28.34356,-28.114388,3.200952,-0.41231608,45.813774,0.9016638,-2.6774225,6.797158,-1
95.27698,-91.87562,44.765854,-60.636913,89.10126,-188.87933,-7.255161,-150.53429,49.22133,-88.2277,33.48286,-29.365206,101.65098,-48.11166,33.40637,-20.485704,109.156006,-27.436874,23.06108,-145.90057,-1
144.36961,-99.84183,61.123585,30.546982,60.01008,-38.237473,98.81618,-18.495518,30.872097,44.887115,23.039194,-10.125626,50.59642,-5.159661,53.715992,2.8119519,104.92745,-13.029228,34.734177,70.42948,-1
70.20012,-17.905897,-2.3947544,-15.8125925,-1.7118087,-23.595001,9.233373,10.020851,11.481867,-69.646866,7.914641,-34.23785,41.492718,-24.543837,5.718606,-11.719393,60.303886,-13.743685,-6.376068,-19.075722,-1
104.71375,-94.47159,47.985207,1.7705617,98.233215,-51.779205,38.340714,-50.422913,40.28447,-56.12711,30.044382,-63.195683,63.56623,-73.04674,61.82334,-9.14417,103.102234,-23.595161,30.443779,-75.800644,-1
128.90152,-66.92468,7.7478814,-21.039652,79.03831,-86.669044,30.734814,-51.164894,14.502574,-7.3833814,29.442383,-48.601357,38.94024,-37.123882,40.467014,-14.149429,114.56849,-17.752157,20.516302,15.922323,-1
80.75417,-30.250664,0.20899487,-12.057572,12.0586605,-45.24951,29.157257,50.291245,14.844879,-16.60141,-2.6126766,4.259405,48.588425,-10.811256,-4.862709,-1.5907018,59.372467,-2.950138,2.773637,-58.81958,-1
178.02583,-86.76833,35.77392,-61.074223,120.008156,-129.47516,-11.936564,-87.27839,24.659904,-48.60412,19.756855,-52.987312,97.841324,-67.654915,32.745502,-31.837015,154.60147,-19.891186,15.529743,-109.57698,-1
255.82056,-108.97214,116.59169,59.72419,106.98228,-93.9951,121.59685,101.75796,56.718513,-42.181946,35.415775,-2.9117985,88.7427,-31.456348,81.06954,32.680683,179.90884,-8.441229,54.731785,9.536587,-1
131.25426,-65.57114,-4.007146,-44.103928,18.169922,-87.93593,15.081475,-55.65876,14.234791,-1.9775299,13.807863,-10.962687,48.685112,-19.65836,35.365166,17.829056,196.27098,-4.113138,7.338454,-69.282974,-1
158.58273,-91.398964,71.33627,-40.093082,179.08038,-168.06238,9.725702,1.3395233,80.93471,-72.77015,32.749977,-44.511395,151.67963,-46.991795,91.97441,-23.669556,154.86353,21.299564,32.168007,-48.21028,-1
234.25009,-130.81418,75.02711,-29.348269,107.862885,-173.33879,114.501495,-45.34497,29.222883,-12.814297,36.775497,9.087679,62.364784,-37.105827,64.95915,14.922966,191.23529,11.839299,51.123505,13.4033375,-1
93.56766,-49.93911,15.818035,-9.118593,33.266037,-37.819366,6.6955338,-9.680582,-6.9396553,-29.793407,-12.146352,4.3343563,20.05765,-30.488874,-1.9166498,-28.592358,126.25224,7.7256145,-1.4239941,-15.410134,-1
168.20695,-90.620834,44.50246,-40.987072,73.23459,-121.11679,57.67299,-62.59958,44.99282,-4.247655,51.49775,2.0822153,102.76879,-4.1752763,80.80893,9.630817,205.31735,24.562063,26.393074,-50.06988,-1
109.94629,0.6682377,104.321434,52.655376,37.12426,88.028725,170.57431,105.756195,58.52312,59.74946,64.27651,28.973032,98.37472,8.380764,104.035545,61.478485,192.43298,80.82674,82.86706,117.38286,-1
82.61681,3.6831493,6.0753803,41.74128,11.823191,-10.428443,26.401566,96.38135,15.749895,28.598743,-5.4856997,26.982628,-8.73868,41.329094,-1.0846341,8.65831,111.36999,6.8467956,-3.785421,1.3302746,-1
61.55566,-2.9530706,60.172695,40.40763,78.620255,56.933346,75.38675,131.35405,15.543743,31.355373,40.103897,21.801563,68.67214,11.352999,81.624825,20.563494,66.16162,95.43556,37.323692,110.67545,-1
-25.966196,174.42813,83.90228,115.75478,-49.266266,236.07166,130.76886,239.14792,-24.445124,130.6926,23.128357,140.18738,-61.843933,111.22867,19.832542,104.52637,51.25529,130.40475,-8.219562,67.03926,-1
