-158.96777,-49.247925,-135.03697,204.7563,-192.16257,-29.84195,86.7934,12.016968,-257.34027,234.4413,1.44561,145.95064,-206.01358,131.69162,67.4153,115.79779,22.061974,-14.249675,-84.179504,100.00952,-1
63.659473,89.69033,35.33091,-134.55113,119.87819,63.8829,-275.4369,-32.193756,128.89236,-110.53875,-119.08587,-118.27044,76.47809,26.604965,-217.26242,-110.28893,-189.32228,-32.830875,8.118355,-43.96589,-1
-50.743576,12.894005,-0.9470334,39.42272,-77.87462,39.961784,-0.53861094,54.55102,6.324168,19.7141,1.6165733,28.208576,-72.2959,71.53939,-38.65726,7.5724983,-9.457388,11.71634,1.5241642,61.00167,-1
-154.99887,-88.227196,-251.83232,175.92575,-192.73616,-53.99177,155.7011,-17.453163,-251.58614,225.91586,90.82231,116.78636,-217.24115,-10.066818,131.77316,152.8426,89.25848,2.8910284,-75.34229,84.100845,-1
63.09211,90.19251,109.01861,-102.45378,82.51221,106.42777,-334.22272,46.623604,135.40404,-139.05136,-210.46654,-152.07011,140.58105,-8.897751,-237.877,-178.19965,-250.67802,-20.362234,-25.754059,-27.710133,-1
-65.58991,20.981495,-34.51495,3.076311,-62.556293,12.635241,-46.33522,-31.933996,-78.48591,69.17504,6.0335183,26.485468,-77.389656,42.925262,-54.03361,27.458721,-20.349472,-29.80265,-48.52658,86.311264,-1
-142.66547,-52.29106,-118.34117,163.8411,-176.67154,-76.67935,137.48363,22.728394,-199.5683,172.305,117.519104,103.16819,-220.43364,95.118164,75.440125,56.66176,72.73078,-5.3111477,-14.624023,26.178188,-1
86.85937,105.37711,63.253662,-154.19083,125.335556,90.690865,-253.61845,6.0945587,120.87338,-111.30105,-231.85393,-206.42305,172.92747,-75.846436,-310.35614,-169.46053,-239.41809,-25.949043,-30.038933,-78.01303,-1
8.377208,-7.399389,-10.212742,-30.206156,-40.55946,-1.5835886,-79.11372,-15.747541,-16.514145,21.383553,7.2814612,28.229933,-23.48144,18.180956,-53.3399,-4.705394,-33.128563,2.7878394,-7.7388496,35.59651,-1
-118.62992,-82.26113,-136.71057,128.41928,-209.66382,-103.75752,215.80151,-14.441589,-162.1814,125.03695,128.04369,80.61952,-210.90518,12.081741,186.62267,119.64961,149.88788,4.355131,-16.090435,-21.790215,-1
81.7384,84.89404,-18.83117,-213.05661,107.934586,81.99116,-295.4823,-51.049465,173.1514,-164.59576,-186.41483,-165.33789,124.53931,-41.07042,-218.988,-201.22476,-194.67415,-29.991734,-2.8383446,-56.801476,-1
-23.478165,-0.9067049,-6.7893767,-71.48796,-31.683302,-33.17492,-38.496708,-77.00332,-3.81106,-20.37385,-8.999373,-29.614727,-2.0315475,-41.599926,-38.02463,-88.485565,-44.296753,-38.07535,-40.378967,-40.53084,-1
-206.0621,-116.57829,-149.35165,155.0293,-205.66937,-114.49207,220.85568,27.089767,-181.22232,112.092224,101.04617,75.48398,-220.85237,41.134018,213.60152,176.74275,189.60182,43.856327,-1.0752177,-25.659142,-1
91.03284,100.27191,94.568954,-184.44267,127.22528,72.314705,-238.06145,4.2991676,145.12317,-160.00473,-180.70355,-127.25312,141.57692,-52.179153,-244.58977,-142.47108,-201.09348,-22.869616,-18.960302,-26.733002,-1
40.48445,7.9752107,-15.277567,22.722736,-14.763388,-16.81654,9.245217,-49.858322,12.974096,-79.89285,13.332109,-39.965378,-5.158141,-4.895588,-32.660812,-30.359283,-24.048384,-11.933847,26.88662,-62.188816,-1
-170.7746,-109.73997,-111.625336,123.7027,-164.6437,-128.27777,214.5816,9.593643,-175.39102,144.24342,124.062195,100.04555,-183.09406,54.709015,251.45015,111.009056,199.33945,20.32557,-17.626852,47.443558,-1
146.72163,95.25115,114.389626,-191.1741,151.69168,78.75279,-241.74901,-27.724733,144.50964,-163.50827,-188.61977,-143.53563,163.06265,-80.9576,-181.63535,-139.62212,-198.14816,-51.927376,22.19433,-44.71746,-1
-12.961116,-20.888731,-16.587751,-25.442007,2.171442,-50.850082,33.196636,-14.171878,-30.777489,24.58879,33.84186,9.563641,-3.5185037,-11.595646,30.06596,-2.7224207,47.012115,27.748165,-6.124073,18.316513,-1
-129.2026,-94.44187,-130.58183,183.90884,-187.93896,-117.75363,215.51509,-9.086502,-130.55273,135.99536,140.7732,119.27512,-188.80095,-12.650421,194.85345,116.27656,158.63843,31.833689,-4.995617,6.846386,-1
91.94852,67.7464,112.84655,-170.94551,140.17194,31.808527,-173.77023,-64.257675,134.98218,-154.28494,-153.29817,-128.6733,115.99498,-33.939644,-156.92047,-110.15499,-151.4163,-21.381319,-14.992403,-51.55751,-1
-0.14449096,0.6883998,-4.944807,0.7204933,16.088406,-17.39294,22.831781,6.7569084,13.435755,-34.446815,14.543138,-24.483622,-8.781824,-29.80867,14.687652,-48.543144,13.524404,10.482616,5.946662,-17.297918,-1
-106.023895,-102.42087,-86.25432,84.170334,-109.23357,-111.08937,193.77596,-29.438843,-117.486496,143.08763,110.58883,72.59276,-85.64837,-42.90805,151.70874,96.92702,147.83362,14.68622,6.635714,8.641521,-1
124.876595,70.24708,74.797226,-122.246445,135.30579,88.77937,-175.98938,4.5703354,134.19843,-195.54886,-86.401695,-91.09899,136.66496,-22.14975,-138.9428,-110.52461,-115.65015,6.3718433,7.4545927,-78.071976,-1
36.066635,34.28693,13.22318,42.37677,25.08441,-18.827303,-50.75305,-23.92862,0.027096748,-3.880661,29.836912,15.764887,59.483505,3.0115662,34.966526,12.157155,-5.36586,-22.216536,14.205967,49.49752,-1
-86.47943,-75.31863,-42.686928,90.461914,-137.31331,-84.90952,224.12515,-7.328869,-68.65892,62.849846,111.173805,121.945274,-118.7555,53.91736,203.69476,88.28763,172.92694,19.580545,18.950815,29.53285,-1
117.58339,96.89537,176.52794,-176.69753,226.60207,115.68862,-219.87448,9.297516,220.66483,-203.37154,-157.35718,-148.55013,197.74075,-102.70712,-136.45792,-125.30653,-147.13882,-21.129683,-2.600443,-36.491714,-1
25.867044,-2.9514132,2.704432,-7.9790573,6.0340347,1.4203405,83.774025,-33.49589,-40.622814,52.037945,-1.4983268,31.037119,37.67141,-30.424332,-16.00802,-10.503725,43.530067,22.787512,-16.867172,3.1820908,-1
-115.69933,-120.99156,-69.38121,116.09725,-142.44138,-124.32495,277.7129,5.92478,-95.142746,42.64473,196.86777,85.39641,-162.19073,28.783966,266.21576,180.90941,187.2741,29.727505,51.39269,-26.759842,-1
218.25375,65.19971,119.09758,-119.45676,233.0658,76.54677,-210.45135,-10.100185,155.22366,-166.20496,-122.37598,-193.82147,184.93652,-82.03436,-101.24332,-130.47523,-139.0391,-19.165623,22.23523,-45.54461,-1
-18.66996,-23.102661,1.1299019,-9.989462,-37.19406,-21.55668,200.56354,29.444954,29.690432,-34.679317,30.382402,70.849174,19.668928,10.700455,65.2998,16.661123,206.23355,58.360725,14.647683,-18.07322,-1
-145.12343,-112.29193,0.5923233,156.38293,-14.723095,-28.308704,255.02641,-6.070198,-61.73408,91.720245,169.63916,138.07538,-70.92881,33.575912,304.09064,185.60414,187.53256,28.139908,49.506805,35.190002,-1
204.36322,99.64079,124.3003,-149.46254,279.52185,89.12544,-225.87811,14.200699,187.3099,-168.13129,-137.40138,-163.08426,190.62231,-98.42566,-197.3532,-114.38466,-192.25925,-13.908813,4.6710415,-54.989304,-1
23.080105,-39.803867,21.330627,-16.75136,-2.8810215,-40.839413,143.7923,29.312042,29.949896,-44.962425,60.485165,78.1019,21.286446,-82.7449,104.35388,19.123178,76.18863,40.27201,24.888412,11.046319,-1
-85.00139,-45.921906,0.7595024,127.07625,-103.30157,-86.56815,192.49936,-4.519245,-123.06913,96.549706,131.95471,98.60702,-71.92924,37.739433,201.26038,106.03806,178.12671,6.0975094,16.59541,36.410526,-1
228.2786,62.8492,122.52089,-156.25372,243.74904,80.59419,-226.37654,-35.833847,234.35616,-225.78067,-136.93216,-129.13893,180.24213,-42.171165,-195.8887,-145.483,-210.97993,-44.798462,4.8061004,-78.278915,-1
24.372007,11.29104,43.14305,-4.086645,8.84379,-8.246613,15.080665,19.82027,7.0398088,34.02366,9.88017,28.162395,-2.899311,-35.29672,88.864075,26.021872,89.52735,58.590004,59.41442,9.8927355,-1
-172.139,-107.97215,-99.5995,135.46323,-131.71657,-94.14711,297.1402,-44.14286,-104.28994,57.299927,195.16492,109.6267,-129.15536,7.559738,288.72833,204.88913,222.50311,7.8540134,13.851441,-36.28219,-1
152.49445,97.2258,110.27399,-165.18861,160.82521,120.125084,-167.45264,19.581612,150.20734,-212.00537,-183.81589,-140.92656,155.72346,-75.34691,-197.5737,-189.87332,-156.24994,0.20806885,9.125401,-49.047318,-1
2.5792499,-2.115337,11.669464,42.543358,36.354977,-38.445454,41.146477,7.7516985,-10.579471,-14.154249,33.798553,6.338668,35.625423,8.414058,8.445534,45.91087,24.199753,14.270296,-18.043854,5.6595726,-1
-117.80236,-92.76038,-75.97855,131.43619,-105.44804,-55.62968,184.89894,14.052067,-110.84863,116.56728,112.392876,93.92306,-113.60461,44.384422,175.3331,105.240974,164.4404,29.573315,-6.490836,40.516674,-1
192.06145,116.89368,127.68568,-178.98659,225.66942,104.11186,-219.55014,17.25064,178.24469,-161.21161,-152.77144,-120.75791,149.82002,-114.46123,-162.82922,-139.30925,-173.38342,-13.480473,13.673415,-49.4177,-1
35.406265,-31.209717,8.287281,13.755432,26.027504,-1.1199856,34.56203,28.228882,31.902336,-12.145129,-12.638539,-17.949532,9.749843,-48.351814,125.38707,57.15466,67.61276,29.804327,1.4300351,-21.060003,-1
-97.46386,-94.33867,-69.96787,102.75993,-143.87643,-93.82888,206.7814,-34.99933,-129.58891,105.38008,144.93872,58.627594,-92.56291,55.970352,169.42444,105.63272,175.16592,23.60756,12.3736515,22.203926,-1
81.544754,97.69129,83.74874,-123.76124,119.63386,82.28317,-184.17725,2.1059837,141.44238,-180.94385,-63.662815,-69.9953,92.12641,-25.185623,-145.32703,-115.89737,-135.64218,-27.77149,28.720102,-34.3323,-1
21.248232,-25.789978,-6.739573,15.626373,-45.416695,-55.729355,-12.3990965,-13.029768,4.9267693,-15.214494,-5.4385734,6.752267,20.939331,-43.128513,44.42309,41.51918,15.957577,31.428642,-1.2193031,-0.16324234,-1
-77.005615,-80.842354,-49.845055,153.73836,-92.40859,-96.73995,196.40382,-4.4618607,-133.34761,111.97538,129.02007,98.55927,-101.401276,62.53447,149.31361,90.17544,160.59479,11.614113,8.784691,28.280403,-1
93.30531,87.504486,79.998764,-155.78964,117.58413,79.71867,-161.97552,12.024233,132.67067,-105.173454,-120.38389,-106.313576,102.26712,-51.080643,-127.19063,-83.33615,-157.96237,-8.70433,-10.167598,-51.65483,-1
-4.9364705,7.8849654,-56.310436,-18.687912,1.6316748,12.674732,2.2079172,-9.321394,13.0107,-42.343086,-33.670464,-73.720345,-52.215744,-12.182753,34.956688,-13.201032,16.64558,-0.21528482,28.500021,-73.128334,-1
-93.50229,-97.77586,-49.693817,113.66283,-134.24583,-120.11555,169.91364,-21.389576,-128.86826,101.68491,153.63567,135.5308,-69.69904,21.843864,177.83847,117.11014,137.14772,1.012289,10.764964,55.1988,-1
88.88301,74.01493,67.9329,-122.04431,126.292755,78.42563,-179.54665,10.361256,89.7381,-86.702194,-133.07523,-124.86865,63.34817,-48.93006,-152.32602,-93.85863,-142.57672,1.2680359,-22.862274,-39.76174,-1
-20.009031,2.105793,-26.957026,35.774403,-5.5883355,17.675232,8.33291,5.104,-20.586891,-11.776367,-3.5170665,-1.8447857,-1.1319613,22.816029,28.508888,-3.9533596,0.6823282,-13.89475,17.251375,95.46545,-1
-92.51355,-105.91013,-49.52966,142.82228,-120.370705,-107.702126,151.58301,3.3605537,-103.49101,110.04086,118.283005,58.6904,-111.63822,18.011986,141.41597,142.53781,155.29413,27.113094,-19.6166,-9.255783,-1
126.3199,104.8411,99.30728,-221.75304,155.27344,104.516754,-189.96396,-16.401733,179.13823,-202.80322,-152.79724,-154.5704,142.2438,-34.551987,-218.0383,-181.67746,-200.98233,-22.33553,10.419647,-43.26409,-1
16.848293,5.805786,-27.136776,46.974304,8.385667,12.751833,10.330944,19.730026,-43.957558,55.360287,-8.733812,6.7020187,8.052846,21.87957,50.10429,40.01294,27.680323,-6.561749,-9.574797,-9.75984,-1
-143.24301,-87.2581,-113.93306,109.35626,-173.62897,-124.451096,229.90219,-35.62925,-105.83233,106.18027,179.38972,99.53119,-155.3901,54.092087,172.72598,142.07239,192.27669,13.872747,31.2863,31.883205,-1
140.85733,83.49563,120.5027,-126.24347,132.17615,27.61136,-303.60315,-46.437607,184.87927,-158.7071,-193.25714,-140.26993,150.84724,-131.15958,-226.76083,-222.82713,-228.05017,-32.288208,12.349503,-45.297558,-1
-13.747364,-5.4594417,-35.117676,-16.747772,-43.591537,20.799965,-14.700386,4.121472,-11.07909,-17.38973,28.050701,12.693386,-46.849464,-54.561058,-28.05223,-19.032017,-6.424341,4.213311,14.353173,0.8572998,-1
-123.50563,-71.55231,-80.26959,88.72061,-140.17474,-68.56405,206.5616,-13.556568,-118.12279,94.51845,122.84633,82.116516,-93.512115,48.907074,156.55734,101.46167,170.36786,16.976223,-6.1082196,45.756786,-1
142.22961,95.68891,133.65639,-259.6988,156.99066,30.598429,-252.62202,-66.43234,178.08748,-150.61209,-166.89667,-133.4315,124.71657,-95.7365,-143.7897,-145.7587,-211.54291,-7.528158,37.3098,-33.658302,-1
-13.202341,-30.65204,11.388737,43.12643,11.4796505,-7.162677,49.368126,-13.38479,-16.830795,6.584696,15.373745,-11.960753,36.593098,-15.646082,0.9430895,-13.635952,-14.277452,-23.667053,-15.47649,-17.823725,-1
-67.03941,-88.01125,-90.30061,136.60695,-90.40077,-80.137505,173.46858,5.776657,-117.057175,86.15814,121.76366,104.598175,-83.26236,39.158188,137.4261,109.5868,186.60455,34.834404,0.021771431,19.929329,-1
109.721054,92.09007,95.19614,-159.57045,103.79022,65.429,-156.67653,12.387466,135.22383,-100.936905,-135.73096,-111.355736,120.62789,-55.432358,-135.46529,-105.33475,-147.98836,-11.16355,-16.638065,-16.766293,-1
26.02307,9.320958,13.385133,28.320108,31.188618,-5.752649,-2.219627,-20.640667,44.64451,-33.871185,36.96073,9.080215,19.680265,24.401196,-21.44767,-41.571762,-5.432432,-6.490285,83.672646,-31.438427,-1
-101.81445,-93.54144,-87.95318,103.69533,-141.39664,-114.529594,194.16687,-25.621819,-110.35205,99.38898,107.42453,88.01372,-88.49053,-12.933464,148.77719,116.7419,142.59995,12.499361,-8.160483,52.719814,-1
109.8124,125.364136,179.816,-209.34828,161.40758,65.87639,-261.81696,-41.243805,158.92038,-211.42583,-195.30466,-188.96268,142.78003,-76.3842,-163.06291,-172.5841,-162.5255,-25.091148,-13.064743,-175.0372,-1
1.6513424,1.4377081,-36.13839,-13.690145,-39.59885,-44.25389,59.956566,-26.283552,32.393223,-40.016056,-33.404015,-37.336735,-12.171651,-19.193756,2.0086112,-14.180517,13.548397,9.2142315,6.827751,-28.905842,-1
-109.30451,-97.12158,-51.41394,122.8427,-38.095467,-39.442497,184.60242,-24.936104,-122.489494,127.988495,131.61554,108.832886,-100.85951,15.7289505,178.85138,89.78652,148.26237,7.0967035,-1.642427,58.14173,-1
98.138535,82.66879,69.35025,-109.16872,101.03867,48.666866,-196.77686,4.889572,141.1641,-146.66455,-121.474815,-100.373146,97.87094,-40.569977,-170.4169,-91.52356,-172.54663,-19.944513,0.17209744,-64.08098,-1
-11.315449,-67.68962,-21.166252,-46.13411,-19.987787,-12.988251,75.14009,-17.682106,22.480453,-22.955782,-12.654549,-15.430737,-1.4475965,-58.150818,29.962854,12.983227,43.533363,4.1993523,-3.5310073,-23.602137,-1
-118.46996,-76.58923,-59.815357,200.246,-125.91116,-108.18417,213.09714,-21.943485,-207.65613,172.67307,160.34714,150.5062,-159.78748,120.24626,142.4517,119.58623,172.53351,21.624796,-13.109126,62.024467,-1
80.31649,75.81814,96.7839,-126.55522,115.6638,110.64033,-198.2609,27.176025,139.54305,-94.69767,-108.47046,-89.3311,140.24765,-67.17076,-139.0327,-123.82353,-180.32855,-9.9832115,6.6180468,-15.639442,-1
17.952671,19.444527,-22.921316,-14.676216,17.437664,-13.895061,14.981937,-10.745592,-53.393837,58.855225,-21.741497,-24.17421,-4.375263,60.74259,20.477314,19.502829,27.606224,16.144745,-40.089714,-28.595322,-1
-97.033226,-82.02344,-64.2215,132.23845,-105.920944,-92.158936,162.62808,-2.6949959,-107.94434,83.51547,158.40707,127.139755,-99.84488,46.072617,159.69156,129.32263,137.54178,3.6060352,24.035748,34.39748,-1
76.41991,87.28133,92.85345,-89.823746,119.70094,98.97648,-168.23247,43.28568,92.76973,-85.740105,-124.58479,-107.38603,105.08077,-38.01245,-164.25285,-58.533768,-147.39487,-12.466001,-30.302055,30.470856,-1
-11.660931,-9.6585245,-26.646957,-37.53205,-12.980656,11.537031,21.391808,-12.671382,-27.398426,71.5883,-19.220974,-1.3466263,-5.060748,24.301826,0.8509066,-43.080208,5.385293,-2.3909407,13.5166,40.086998,-1
-75.78687,-80.45774,-68.8967,118.958,-95.715324,-84.40181,168.54344,-17.883133,-114.867256,96.01023,143.96906,156.75732,-100.06795,4.768135,156.15567,128.77718,156.47218,4.623871,-3.190577,57.38595,-1
115.88128,69.02478,80.21206,-98.432365,108.52894,72.7876,-186.7364,18.76931,81.03211,-71.59511,-156.8393,-159.18674,95.64446,-43.041435,-145.28351,-109.72821,-137.314,-5.994852,-18.590527,-52.132492,-1
-11.750582,7.753213,-40.874916,25.968428,2.4706662,22.86645,29.905273,10.5548525,10.396305,-29.95183,5.9905214,-20.985224,-15.727443,8.135105,39.865494,0.9005394,13.075668,4.517338,-20.889425,-33.172096,-1
-92.52684,-89.14006,-47.77241,134.24294,-110.6697,-96.627754,142.41884,-17.845894,-121.03606,132.86702,140.70297,100.42078,-107.02863,109.30715,119.85173,73.6723,125.99564,18.159203,7.9765697,68.03634,-1
76.77134,84.44606,28.734919,-128.71967,94.76946,100.25705,-203.43587,36.561363,140.767,-141.0409,-102.08421,-74.01247,94.238556,-91.26944,-128.2096,-87.49098,-127.12104,-4.9703827,8.050807,-21.585442,-1
-7.504526,19.92551,-30.498798,-14.243399,-48.645374,14.373331,-5.9574823,-2.6768453,-33.76698,-5.1013627,-75.65536,-75.67162,-40.075127,-13.267837,-23.542786,32.383327,-9.552551,-4.6300173,-31.911041,-57.23908,-1
-133.65761,-73.75415,-130.43066,100.787186,-158.81331,-99.474335,146.70444,-40.0388,-157.47256,123.64561,137.8556,137.9194,-142.11049,65.68399,125.725426,90.815186,108.57472,-24.079891,-23.660835,78.925064,-1
81.288506,72.45029,127.103714,-126.49232,145.61223,91.778244,-191.03644,-24.654247,92.41057,-76.24028,-125.059814,-129.3886,100.997986,-60.181656,-174.82654,-116.11413,-144.09393,-16.127522,-13.07835,-12.691013,-1
-17.299725,-1.6995032,-37.168472,8.494617,-20.838547,1.8671656,-6.673113,10.349701,-2.6295433,12.092676,-28.832413,-9.214942,-30.583652,18.86127,32.350464,-16.537586,4.350853,-3.422054,-22.127777,18.477987,-1
-91.162865,-103.75107,-35.91339,163.64685,-168.97665,-126.1374,264.3369,-7.0895386,-120.379395,121.31072,160.63809,113.04282,-126.78148,57.52716,190.71237,121.40975,170.07028,25.608696,20.774382,-33.87702,-1
80.7599,90.772156,51.549583,-134.1825,166.85948,117.88019,-254.73407,-10.678345,160.33252,-205.78444,-161.6552,-166.94933,146.89209,-133.21013,-173.99811,-124.99196,-192.73065,-24.519588,6.037113,-75.81352,-1
-12.65497,0.8435785,50.683197,10.403505,2.1476407,-9.493233,12.330166,5.0562177,-25.78436,23.264366,-1.6101408,9.186312,-16.746603,38.24238,-25.831535,-17.876068,-20.667192,0.71740913,21.705729,33.96866,-1
-81.127785,-83.5394,-89.03323,102.44527,-101.858475,-90.53204,196.45735,-39.972046,-122.74873,104.93503,100.26807,78.284,-96.99418,41.264465,192.96307,107.357666,184.44492,8.677092,-28.841135,45.499992,-1
80.168495,80.65439,72.58079,-107.19534,98.95234,83.812096,-192.47163,20.62371,113.74605,-126.29095,-85.91351,-99.12811,118.00517,-95.24343,-135.33264,-75.99745,-147.3995,1.7516079,9.181984,-58.85337,-1
-60.759563,9.888127,-9.298734,-55.291016,9.918739,-4.8735228,11.84539,-4.50647,-0.6653795,-5.1544075,40.719475,8.432254,-80.39595,43.90087,-36.252483,-13.971933,-15.623241,-4.953099,12.718992,21.60632,-1
-78.87435,-76.16554,-76.2469,158.37593,-105.27333,-73.00058,191.40193,-18.53418,-141.13634,99.4626,98.12201,99.191345,-110.344925,7.906868,170.61021,98.93214,164.15186,7.0234585,-7.9009275,10.5854645,-1
49.39116,66.8726,76.35098,-111.77406,87.12382,73.34309,-178.15233,-11.732378,117.725975,-171.56384,-123.848816,-140.81226,66.186775,-74.53023,-161.60938,-94.89494,-171.12212,-33.734924,-13.698815,-40.696968,-1
-10.143293,-15.854178,-67.95743,17.434607,-46.81942,-22.105774,11.2963295,-14.527463,3.0273075,-39.73498,-10.08112,32.034317,-6.762541,-31.671242,2.5494766,-6.2989655,13.261373,4.641345,-18.527348,8.5994,-1
-62.288445,-69.525,-62.54495,126.2576,-102.98317,-77.54295,149.72778,-9.5878525,-117.73712,110.928925,161.08995,136.48885,-134.67473,57.70278,143.81265,107.888794,143.57727,9.008047,25.869835,63.26573,-1
99.822334,73.25218,66.109795,-132.11693,109.824905,60.99876,-158.86679,-10.019825,89.92151,-145.2056,-128.98561,-112.92916,62.95357,-76.21082,-132.0458,-118.64428,-138.46103,-17.466785,-15.905499,-23.263813,-1
4.5059814,-1.2334363,1.7227342,31.369976,-8.514778,-1.1903632,41.88228,8.633516,-16.527565,14.091687,11.784464,-2.60247,4.313751,41.470886,63.280502,21.775738,39.619545,1.062329,-15.959959,45.01242,-1
-148.3112,-73.17098,-121.95767,242.43115,-104.926735,-36.37217,217.58694,6.2850914,-154.40964,119.565704,205.15695,153.88934,-91.963524,133.21086,195.25699,147.51266,205.35666,35.973633,20.871975,70.62075,-1
122.199356,80.0647,124.62203,-229.663,93.102844,66.91939,-234.03995,20.409393,187.32114,-200.74219,-187.46051,-175.22607,105.0434,-127.734825,-245.14389,-122.9783,-217.3019,-30.586277,30.284868,-72.059814,-1
-4.4875402,18.958319,-34.567436,58.104652,13.142323,42.186382,12.028584,41.557617,7.22031,-2.2391682,29.974087,32.648438,29.46577,0.8830433,77.47522,14.355807,27.63741,30.329584,-6.027626,85.50799,-1
-133.97437,-112.11263,-82.30572,130.74278,-146.08673,-114.662094,251.6769,-52.539074,-169.58339,120.667145,184.7063,160.43092,-144.95384,56.54724,266.3014,151.8505,223.91544,8.313786,29.894379,50.99559,-1
114.02404,75.688576,85.991104,-141.57495,143.9044,86.14194,-210.14816,-5.99934,146.20714,-137.55429,-115.92702,-155.04506,75.53761,-104.18967,-95.76306,-70.70856,-116.64769,13.556453,1.4785457,-118.542435,-1
7.3781614,12.108784,23.896675,62.63804,2.7146292,-5.3929677,46.373608,18.272554,-24.793266,22.816616,-29.918797,-42.352104,-0.11021805,18.965069,-0.28687096,3.785406,6.6883187,-2.1808865,-48.07335,48.992416,-1
-137.75017,-125.38042,-106.69538,150.07275,-176.0264,-106.95065,259.29138,-13.893879,-181.55391,81.1717,233.16139,130.76949,-145.58807,50.720856,208.09282,153.25958,176.07721,8.374407,22.128347,68.67664,-1
110.713684,88.20492,80.27927,-127.1946,126.18654,74.12563,-201.74376,17.978302,126.20038,-123.3931,-115.84391,-135.60922,86.356926,-32.2166,-105.42268,-100.0815,-129.16809,-5.421694,26.177193,-101.79071,-1
-16.206459,-24.280169,-22.794264,-24.411272,3.0792751,-14.037402,4.6966968,-15.428312,21.117363,-74.46757,-22.345703,-49.259575,-68.687996,-46.164116,30.590504,45.6883,40.99689,27.607922,-24.465298,-17.59437,1
-153.28528,-112.63864,-117.50121,191.34221,-171.73643,-119.52266,215.1968,12.056793,-167.39806,105.65576,172.8522,71.617355,-169.44424,29.038864,176.7886,135.10162,166.54889,18.9697,18.752129,-2.8744736,1
80.3822,87.99945,80.91682,-133.30167,144.60928,103.34489,-151.70465,27.459877,164.33813,-190.47743,-103.001755,-167.58966,74.52938,-56.29782,-70.29943,-108.588066,-100.70569,6.961149,32.365593,-102.88501,1
-15.385185,-18.504826,1.4957533,10.109484,19.468018,-22.645868,-0.18003225,-10.932824,-35.280235,-82.74448,-15.260752,3.7194638,4.0824966,-42.59006,72.49138,28.42308,25.417242,22.887194,-27.946104,-4.145893,1
-126.78828,-137.88484,-74.51526,128.65433,-139.07925,-113.68123,271.28986,-40.43133,-103.940704,142.75717,142.04599,90.57662,-197.64412,-5.0865936,265.12854,137.90648,225.17809,-3.849331,-2.7241054,77.507675,1
121.82108,121.57887,103.31957,-119.48736,161.88615,100.47771,-221.05983,-54.42817,183.92172,-230.90042,-156.91498,-206.87889,180.45393,-84.58387,-168.27713,-185.244,-175.38708,-28.13211,76.309326,-195.38768,1
-1.8904967,-10.416302,3.9067545,-15.403568,-8.295691,-33.819153,6.9494805,-0.39699936,10.364056,-13.311144,17.619312,-15.433893,-2.2511764,-18.067673,3.1549149,2.6620135,17.573719,-8.226154,0.43763518,-20.01564,1
-132.11719,-99.87486,-92.36242,153.69992,-133.52765,-113.13227,245.79495,1.0036345,-195.47879,163.1268,161.9063,120.17507,-129.26506,96.23494,145.4082,157.03279,174.3241,27.876175,-11.091873,62.37494,1
148.32988,89.04236,61.91388,-130.88306,135.92345,100.11571,-162.76254,-23.462837,160.55252,-170.36362,-89.91786,-99.45971,93.63147,-71.98154,-152.35571,-114.743034,-134.80817,-8.075518,32.92754,-97.580536,1
40.969624,43.673737,54.458084,-29.914566,30.189093,3.635128,-5.174425,-8.795525,-60.579384,50.79009,-27.017487,8.265869,81.11749,-28.59291,-31.039024,-58.167095,-38.888805,-19.657139,-20.978275,71.02759,-1
-76.727715,-131.69298,-47.297237,134.23782,-139.53209,-104.20042,210.9791,-3.730568,-104.90805,146.90132,189.66672,211.0731,-93.68105,23.701988,111.142624,174.00597,152.91751,25.709417,13.847667,76.389565,-1
84.9734,80.74122,81.01081,-130.38705,187.35208,87.168625,-170.83405,18.372536,117.20068,-102.46716,-110.40823,-70.61537,65.2402,-28.494614,-115.931076,-90.22762,-123.26088,1.3799324,-1.176125,-65.01377,-1
24.640364,-10.827904,-23.774433,33.608887,-34.27932,-31.246674,43.70354,15.6459875,-36.715385,83.73567,40.794323,60.53594,59.726288,21.859707,-69.41217,-4.2687454,-0.10425758,0.43520737,10.972874,86.50079,-1
-65.08953,-77.95575,-83.82853,170.76816,-107.273315,-66.737175,236.63228,-4.03582,-150.9238,182.26384,207.69403,221.61636,-104.15372,82.38116,187.82138,163.393,170.51567,13.666559,20.567377,100.639854,-1
103.67574,78.203415,186.61932,-223.64635,158.592,106.42157,-212.46718,17.391914,191.30838,-133.82713,-203.30052,-124.15646,178.42346,-65.78603,-230.26427,-174.43472,-205.84357,-13.999989,22.867264,-93.47113,-1
-7.263277,6.905417,-27.369719,21.63692,34.441185,-17.354404,-7.142418,-24.249002,-20.467007,39.9827,98.37746,54.708637,32.9764,53.095074,-11.349929,-9.040959,-16.06081,-18.034353,21.792503,-21.041834,-1
-70.12999,-83.04291,-79.85027,83.83129,-133.37788,-85.43941,188.3288,-50.01025,-130.07013,148.31836,134.16592,149.78378,-77.6619,28.955452,146.3728,84.95992,151.5568,-4.8557377,-19.937996,61.93639,-1
145.35913,81.98739,92.22742,-168.23473,173.3187,103.850845,-213.26064,-20.231731,200.83295,-232.47949,-171.24438,-148.78084,140.61415,-101.96671,-200.56056,-156.59717,-195.26479,-16.332375,54.199394,-192.73244,-1
14.10414,-29.865847,8.733342,-5.3788986,-4.3371277,-64.14893,24.089794,-3.747047,-46.806572,-2.656498,-10.5606985,-5.9277077,45.14362,-57.04618,46.684246,15.075264,27.014326,3.5685205,-43.17964,-57.27755,-1
-133.76988,-79.509,-58.727947,99.19389,-113.77021,-90.70387,203.26367,-17.176456,-112.558334,115.42484,139.79619,107.4636,-89.10421,51.018616,135.7024,112.37747,145.3261,20.182035,-5.551014,36.10479,-1
100.90608,72.70399,72.40406,-105.355316,107.554794,69.027664,-169.37729,1.3670616,33.987442,-41.755524,-121.945404,-73.808945,93.55843,-65.95845,-153.14096,-110.16232,-131.27928,-18.306755,-32.11127,1.4556007,-1
50.626846,-14.16432,-59.625088,-36.99141,81.4332,35.841812,-62.91741,14.157732,82.91723,7.909588,-64.369804,-8.006738,66.46303,-40.224533,-21.794382,31.76589,-16.21104,34.75192,39.761192,-16.946606,-1
-115.00948,-69.561775,-9.08062,196.0706,-150.05872,-72.33386,246.7534,16.01252,-247.96985,258.1626,262.0435,227.45834,-143.14569,148.36263,160.63416,125.936874,170.37663,3.773983,-8.515169,186.07074,-1
51.35366,106.84409,27.791794,-14.032143,95.62551,95.93138,-157.70108,91.73424,110.96686,-88.56368,-84.874245,-38.214443,21.10787,39.7134,-115.30127,-71.43353,-134.29991,-8.639921,41.721123,-15.363327,-1
6.3816843,13.876402,53.121063,-48.183334,44.905098,9.350727,-31.725073,-41.93875,-20.735798,23.79898,-50.781082,55.55253,41.124977,29.96116,-38.96247,26.911102,-32.166046,-2.4202962,-12.243574,113.65315,-1
-108.95796,-94.37149,-130.12668,210.65962,-178.93321,-65.99129,143.1863,32.0986,-227.99445,246.34923,240.23822,143.42438,-86.6341,77.784515,105.68888,124.86691,113.911415,-8.475327,-31.746061,158.63329,-1
77.32691,92.686966,49.933952,-50.14379,84.66102,82.11742,-113.3406,0.27832794,80.13595,-100.89828,-179.68776,-163.17043,24.848421,-10.989914,-77.26007,-57.48767,-89.47786,-2.64643,-36.1856,-126.75914,-1
48.560604,18.180546,4.2585087,-19.749264,55.52147,24.911173,-70.919525,27.496828,-16.375978,32.48555,-18.28038,-7.331237,72.67091,92.288605,-88.005325,8.701191,-77.79582,14.892577,-13.806853,43.91369,-1
-154.25304,-100.7292,-78.140434,136.31898,-173.55463,-74.054405,190.3135,23.72968,-158.52191,156.92654,145.11072,146.14008,-135.35298,25.692047,134.90762,155.2661,160.59505,9.497779,-15.653673,68.487686,-1
87.56026,94.26265,90.169754,-158.63963,77.866325,75.75936,-231.17633,-23.104458,155.45363,-154.00009,-194.15887,-158.45724,106.257484,-61.22229,-184.90031,-162.48045,-195.6226,-8.50206,-6.6838818,-45.952106,-1
-1.8883625,7.4482675,-38.02479,-6.316454,17.48824,1.5004852,-21.637804,-28.007088,7.6119485,51.83494,-13.078852,12.311468,13.794151,5.6445494,41.232285,-53.882156,26.552946,-27.626453,28.447866,-8.443017,-1
-136.27003,-77.06195,-114.44762,126.11607,-213.34958,-70.083626,170.65913,-11.189056,-246.41296,206.62677,218.27618,190.1866,-219.89546,112.83648,198.20596,155.0603,188.86581,42.064556,-22.336105,71.357834,-1
80.56789,96.07188,69.622955,-145.85104,153.03508,109.56823,-229.73785,16.680447,209.11612,-192.90457,-203.27094,-206.74701,87.70619,-82.33432,-192.26236,-144.92671,-208.9652,-20.103588,-0.6451893,-141.8743,-1
-34.26633,2.1119564,-14.4655905,10.2154255,-53.238777,1.2970433,-51.75198,-9.844992,-54.852127,4.695509,-49.893486,-6.6686554,-5.8373804,33.217472,-45.462303,-10.156481,-23.957458,4.227933,-14.072731,12.838943,-1
-124.171555,-137.3631,-117.888245,177.86717,-105.284615,-128.45386,186.90115,-51.925484,-192.21255,219.58078,181.51999,88.77545,-169.86513,102.074684,104.49452,115.571075,140.0379,-10.876844,-7.5559025,41.942383,-1
95.91813,133.7371,46.616653,-233.73624,63.546745,51.146725,-198.37465,-36.106373,128.71806,-170.16606,-140.80779,-171.72243,123.544846,-136.46266,-213.80463,-137.08218,-191.02869,-17.56126,-21.907099,-78.22395,-1
12.767995,-86.43888,-53.77724,1.5881577,-16.2647,-55.463142,-40.216785,-70.668686,-27.478348,5.4912586,7.3374844,-2.7312212,29.865416,-140.74155,-3.6248932,-101.01337,-23.171766,-26.399654,-0.9973545,17.958744,-1
-123.52191,-88.87782,-122.95739,85.075,-191.48178,-179.18826,187.9335,0.8350525,-205.16605,175.52226,142.15869,98.332146,-133.50252,70.14731,192.72705,154.40674,143.81734,5.599725,-57.25908,107.95978,-1
99.75738,65.981384,103.69348,-136.75809,138.40605,64.13844,-190.66931,-15.36338,171.80693,-185.18321,-167.97852,-141.12729,115.83072,-27.573654,-160.81224,-138.62473,-171.86496,-28.698557,24.908451,-130.92851,-1
17.971064,-1.5168428,36.62011,-2.6779518,-59.606464,-24.174578,14.680839,-9.3010645,-80.09932,61.072033,18.550966,-2.7056274,-4.7434187,-5.9031982,14.799871,-29.679607,30.560127,10.51239,-28.446388,10.905123,-1
-116.678375,-103.42606,-121.37811,131.4363,-111.60054,-96.77492,216.24872,-15.301666,-177.0463,177.4334,154.18182,123.7323,-136.55786,56.570732,123.26723,131.64375,123.92841,2.4628487,18.002298,127.81561,-1
115.691925,119.13887,96.92573,-177.76828,186.5072,89.44326,-221.64583,-5.824337,240.29074,-240.10745,-203.9271,-197.98706,170.51593,-91.262276,-197.56615,-175.3733,-188.49075,-11.725602,-18.433134,-180.75113,-1
-27.866539,-57.66799,-18.929392,-34.584137,-58.99034,-35.694035,5.3894825,-5.2225184,-5.197736,19.915604,-10.480683,-7.6085453,-17.915745,-78.94981,-4.052549,33.083817,-9.927374,-14.084041,8.558297,4.5566225,-1
-133.45308,-110.840576,-85.825195,155.53389,-142.33377,-125.905334,238.33527,-57.81507,-184.77727,157.37154,146.52933,132.95241,-127.92962,60.234207,194.2474,99.91138,189.26085,13.973809,-32.54756,75.16167,-1
111.074875,77.61454,47.611988,-158.3388,95.94857,93.74984,-224.13081,23.346146,94.523384,-116.58416,-187.66628,-140.99677,62.855206,-54.470337,-173.30174,-67.96535,-174.57776,-12.55945,-24.271957,-35.920773,-1
-74.00246,-57.386482,-24.401896,44.58107,-12.69083,-61.016342,4.7646275,-16.455975,-21.073757,-29.295858,-30.68993,-85.39789,6.362507,-48.126198,-9.705465,-37.497307,13.334709,-10.0550585,-39.250706,-72.71539,-1
-118.722595,-56.616146,-82.793304,148.56207,-191.47472,-101.979904,151.77824,9.3389015,-194.54446,192.65967,177.2543,182.32034,-186.2698,101.76562,155.93808,116.3925,118.37804,17.791563,17.534363,163.37503,-1
36.941833,25.432043,1.4775352,-77.777245,95.54202,51.187866,-53.905483,-11.572639,126.7623,-142.81213,-159.0344,-135.94261,128.0199,-28.66047,-130.95795,-69.37569,-60.434044,-17.301401,-52.51642,-116.02151,-1
36.760265,48.879276,30.263742,5.18478,13.20079,67.224045,-97.897804,-13.562108,-32.082985,65.38124,-53.499836,-68.26027,-51.26418,42.8103,-109.61218,-118.094376,-117.558624,-39.31723,-26.021152,12.370033,-1
-75.70627,-70.64485,-29.087215,167.97403,-62.668953,-114.38917,249.4909,3.4568062,-106.425766,123.37517,132.27338,158.65218,-87.78668,10.132904,208.47119,191.89952,215.80121,52.514465,-2.6591215,80.247765,-1
95.24671,68.41132,74.41856,-155.08755,111.28639,101.62291,-190.95969,9.711338,133.94177,-146.62341,-149.83215,-130.0257,143.17294,15.815086,-176.36295,-133.76315,-153.75754,-6.6503277,-8.360339,-119.688675,-1
3.6713858,-13.036491,-24.741106,56.96632,-29.291134,1.4531727,20.802002,20.44548,-32.537422,15.893417,13.427789,13.987644,10.044132,-4.6296797,16.48351,18.380974,16.714754,-1.3881979,-9.882163,-5.3273144,-1
-183.03233,-71.20079,-87.13044,184.07945,-122.730934,-63.07236,295.97958,96.63397,-184.1318,156.63622,148.46605,169.33795,-159.01886,165.09698,223.36687,180.77246,198.84999,39.72209,2.2624073,100.21794,-1
158.2875,61.199883,69.06957,-153.48396,171.2046,63.65783,-192.49033,12.311386,128.0099,-121.91072,-137.43442,-109.36151,176.89232,-63.430893,-167.5868,-103.35122,-166.51971,-16.316055,-24.793175,-87.81847,-1
-53.65417,-8.753369,24.412468,11.829359,-14.447537,7.626901,46.700985,-7.4247293,10.936982,35.261135,1.5102444,12.4315605,-62.655178,-18.791641,45.30116,37.205677,34.745754,-4.458359,18.040247,33.667995,-1
-92.696175,-96.06734,-73.29447,142.67847,-117.042496,-73.18957,164.09743,-5.4610863,-98.79266,106.46457,183.6502,169.83008,-110.010315,67.51576,166.01068,110.18489,158.1848,19.087679,22.230913,100.296326,-1
103.19834,87.361115,87.31911,-83.18764,95.57135,92.25753,-181.71802,7.243065,103.981735,-102.377365,-152.25647,-93.40495,99.18869,-55.49617,-134.44849,-99.20358,-155.18396,-12.51985,-21.665768,-37.350624,-1
5.3897276,-4.9198995,34.89011,-46.744705,14.603732,16.110346,18.02303,45.024067,-9.781429,25.960186,3.425109,6.4232097,58.599915,50.231865,17.214085,36.365833,10.662679,22.301308,6.1713724,-3.1046104,-1
-121.77622,-87.495766,-152.9565,202.4369,-173.2818,-95.7892,215.1885,-12.424652,-131.42087,158.81801,209.54137,213.14876,-172.7391,114.85173,172.63307,120.53261,168.59882,5.430645,20.370436,141.22661,-1
120.89757,112.45305,87.836685,-186.79166,128.67844,108.18077,-247.20383,18.283066,94.9368,-70.68467,-204.49782,-205.65378,130.89854,-69.306854,-171.35951,-143.31485,-149.95123,4.6529865,-29.106136,-116.39983,-1
-16.562033,6.1658745,-16.219357,8.886986,6.971106,3.6145792,23.532942,-25.938334,6.0286345,-7.3248043,14.051694,21.795023,-16.832882,-37.126816,-18.871101,10.122194,-9.289861,-21.35291,9.47636,24.031242,-1
-161.88739,-126.062386,-123.2788,178.94656,-235.20522,-119.21392,272.19223,-1.818512,-157.27274,165.4278,163.3837,151.3616,-147.68268,70.72389,208.46603,175.42262,210.12299,27.645306,2.1971421,89.04657,-1
114.03477,100.74274,115.834496,-138.56476,176.07587,84.041824,-271.53574,37.86301,146.55913,-167.94865,-196.14894,-122.1168,115.54174,-40.32347,-170.11008,-168.69397,-180.9979,-3.6718578,-5.204153,-66.70766,-1
15.84314,1.4977455,17.744335,23.426302,0.6020758,2.854663,21.19622,10.425734,-72.61517,83.35907,-2.1828732,2.0618496,-6.0338345,-27.015215,-51.242645,22.511244,-9.057633,1.3161592,-24.76529,14.382546,-1
-114.14557,-69.27162,-78.72029,96.41026,-119.56519,-74.98935,176.4159,-15.355923,-101.32503,132.17836,154.59058,158.19852,-121.15015,54.232513,134.33838,135.07777,173.56342,5.800188,6.5772514,118.708336,-1
91.028885,101.17435,62.594944,-84.63046,127.91646,124.08931,-190.13564,38.288784,103.34181,-137.76244,-107.09456,-83.12202,105.864586,30.746475,-122.53659,-68.49184,-155.5445,-11.669258,-8.550331,-91.862015,-1
10.3600645,-16.946133,-2.0137105,6.8430405,-0.106153965,24.142439,32.876167,-14.920603,0.577966,15.003125,16.073843,5.1136246,-3.3853066,79.544785,30.646473,8.854793,-3.894504,-7.6331525,51.347374,74.219284,-1
-136.85873,-115.589676,-119.031494,241.78294,-180.32047,-96.16199,175.6259,0.32593536,-189.73543,227.35022,117.522804,135.67668,-130.0073,16.390877,80.25496,167.72624,156.13715,1.3194456,-39.788284,127.5571,-1
97.60173,137.4957,84.8733,-154.49615,163.87314,121.880066,-255.21877,18.530243,179.20236,-149.44327,-157.67432,-146.73703,117.415695,-32.31385,-271.63843,-156.12753,-253.06541,-37.66608,-5.518915,-26.628231,-1
-0.38591528,-5.254035,-19.689686,30.414656,-82.05191,-8.3018,-2.6945775,-1.9579463,-53.66697,97.61406,-25.56139,99.91072,-25.531439,52.32338,64.31093,17.32357,29.328468,3.9192038,-18.29721,153.47162,-1
-154.73851,-51.754932,-115.91363,151.55054,-185.73108,-50.701775,152.08578,26.517492,-251.02153,275.92206,189.76416,185.45135,-172.21117,144.47406,95.53914,125.43692,128.33408,16.365639,-29.549887,230.20815,-1
79.78875,87.96811,83.65346,-97.31267,155.13112,170.46613,-283.8755,62.60176,125.87027,-83.60252,-201.76999,-110.3808,134.3967,4.5155945,-226.31693,-23.71254,-226.73352,-13.637983,-26.587017,-54.649467,-1
-16.948662,62.050343,-33.659184,42.004353,-46.83145,9.55324,-87.72862,70.58882,-30.50227,93.47029,-62.454918,-4.939348,-51.82269,73.48996,-55.65719,13.441418,-63.7551,12.450735,-52.028862,120.66055,-1
-140.70215,-128.17902,-148.48798,201.112,-243.10974,-51.657364,170.62267,-19.227894,-184.62466,195.73697,155.80663,149.83508,-152.68976,108.05176,55.935448,89.86632,103.74278,-25.153845,-25.005434,218.62762,-1
146.81833,208.52213,73.413704,-86.46428,139.74243,156.87144,-250.67508,91.00455,140.52893,-94.82577,-265.85596,-58.98662,117.72132,32.465866,-205.44498,-103.30896,-150.99927,7.642555,-13.403776,49.08656,-1
-85.5208,-20.409061,-9.183727,18.31267,-33.766582,36.689705,-0.89883614,22.62013,-33.8263,97.64052,19.661852,20.246998,-26.53502,45.351917,-19.35896,30.24368,-65.6253,0.8135748,-18.085949,51.61492,-1
-114.904366,-70.18796,-114.206436,151.01514,-117.63063,-85.05287,16.869967,17.069553,-183.22937,180.34195,152.76428,163.59058,-198.35175,112.921814,97.56263,192.78107,87.26986,31.711712,-21.918558,96.180214,-1
100.02379,101.37583,26.992638,-143.71301,89.68451,116.363914,-267.42554,8.242813,81.942345,-114.65947,-217.44757,-175.82707,90.95113,-41.50139,-249.76097,-174.61172,-216.92542,-45.242836,-53.16687,-78.2446,-1
6.6181602,14.235746,-12.579464,16.21732,-96.99208,2.3787951,-11.7706175,-19.065702,-105.28038,121.03147,-31.04723,-28.610725,-67.47611,1.3667555,-17.857235,-12.262083,-13.904325,-10.484468,-52.429596,83.97077,-1
-196.24059,-96.16855,-231.57265,146.54903,-263.33194,-133.92706,153.27545,4.0336533,-149.58888,119.675644,149.07019,116.05223,-199.82613,50.468567,55.746452,88.25926,127.797516,6.7739124,12.7506275,44.850677,-1
65.31782,135.75513,105.80658,-160.52443,119.43005,146.24472,-323.45026,38.247986,44.611263,-84.99287,-256.31702,-147.93135,104.58091,11.065491,-294.93097,-153.06316,-303.17105,-18.357998,-65.8094,-21.131908,-1
-96.99545,-6.3177814,-54.76367,69.89693,-25.152554,20.019115,-39.54664,44.869003,-80.22768,57.388374,-10.0441065,22.183413,-48.22019,60.088818,-32.972404,15.276696,2.7441945,0.69839954,-29.417784,30.063503,-1
-146.97725,-94.48395,-123.308655,169.34792,-200.61203,-66.44315,130.43204,16.886108,-168.93658,139.57358,175.72838,151.63565,-223.53654,134.93402,207.38013,175.12527,163.56264,33.289772,7.0200863,87.390366,-1
104.97432,117.39548,54.43774,-172.73167,108.62161,114.01521,-282.8317,20.298244,122.75194,-74.36734,-179.2842,-135.90224,128.98427,-25.66919,-296.94092,-180.83508,-288.01642,-60.665604,-30.449066,-18.054947,-1
-5.097786,10.563644,-37.721764,132.16388,-49.75051,-1.9881783,-37.45547,4.724863,-23.227602,51.752644,-50.32039,-27.03278,-11.641722,14.6621475,-1.7724533,18.299671,1.4643178,10.865718,-25.95376,6.8755455,-1
-161.83522,-95.66158,-102.79059,164.09769,-148.8914,-72.98068,140.16281,6.533452,-188.38821,260.67062,185.54305,170.88672,-169.69359,55.402092,28.541018,153.39824,60.02053,17.891872,17.307476,165.78708,-1
104.74877,119.637054,97.76297,-137.10675,99.02624,123.96922,-305.00702,30.836353,101.794,-97.49657,-241.186,-169.20381,101.782646,-6.7399597,-247.9747,-182.0705,-214.55228,-32.532417,-45.40402,-4.8044395,-1
-27.088705,58.0475,-81.87645,-30.409746,-158.96332,19.598305,-16.96268,-0.2549591,-96.55623,72.45517,-21.269669,8.407341,8.270916,86.59776,-12.627631,11.432766,-4.0843863,-13.2014675,-18.93526,23.249992,-1
-203.92192,-124.83373,-125.60284,165.62103,-146.56232,-144.10562,67.21414,2.5108948,-145.35464,113.76112,135.46413,114.35702,-220.64047,58.411835,65.47729,98.53869,11.98699,20.594255,-22.517773,66.07358,-1
125.07177,104.245285,33.81737,-127.00787,112.71915,90.59559,-296.65308,-12.44619,113.90706,-94.38311,-169.05667,-144.83601,101.339294,-77.310776,-219.47966,-167.21642,-219.656,-49.336864,-29.767082,-40.284653,-1
-93.86924,18.580738,-82.2583,-91.555305,-58.738052,33.784756,-62.92838,-26.000368,-2.6906004,-12.399581,-61.620377,-7.2281713,-81.99734,46.740932,-43.430485,-18.33855,-29.328005,-20.499697,-21.926453,-18.546816,-1
-97.85358,-112.89898,-121.678474,168.55115,-275.53012,-144.02106,129.39,-62.059063,-202.71837,202.13339,155.20741,120.12418,-148.66895,41.25244,119.17747,66.926605,126.965576,-24.063662,-32.76701,72.86996,-1
73.783585,142.42058,35.464092,-156.1879,55.57535,80.536995,-309.4387,-34.370323,149.03699,-224.85434,-249.72691,-197.4114,92.819664,-25.637924,-274.02332,-197.82434,-250.68864,-41.037975,-43.252052,-183.99734,-1
4.2123814,-26.448606,-17.507652,-33.132782,-11.458798,-6.491852,-18.603205,-52.73239,-4.3127284,-1.515872,-1.5968761,-42.61012,-7.7572675,-64.6929,-83.003784,-39.563637,-42.240673,-45.60563,-6.00001,-26.268433,-1
-128.70215,-79.52052,-115.57,99.37399,-220.80258,-149.15237,148.16202,-65.95357,-152.08243,91.3349,111.010376,-27.336834,-236.6828,44.29898,100.009346,67.15424,111.794815,5.9173756,-54.795464,-86.80493,-1
90.24339,59.910633,77.44608,-187.102,83.661995,72.93528,-275.39877,-21.797579,164.81644,-176.2951,-183.94942,-125.58912,157.42879,-141.5046,-188.6535,-189.3446,-188.63464,-45.526054,-7.9425516,-163.64455,-1
22.357548,-6.143461,-39.304443,-77.51217,18.553154,5.8409133,10.046106,-10.736553,-7.46052,-43.25686,15.372316,9.058331,-26.636192,-32.26757,-14.235439,-14.438644,0.9609728,2.482654,-8.788137,30.53301,-1
-210.67862,-117.06546,-150.10417,156.89174,-174.2585,-152.35246,225.65076,-50.29924,-146.8333,154.28046,98.13667,34.72338,-152.89,11.800003,168.75366,78.93083,158.31796,-16.431797,16.102137,26.42469,-1
131.2921,126.04845,79.46063,-260.50546,105.24398,75.8859,-259.40506,-15.399315,197.86258,-185.18048,-167.54431,-138.32132,132.96494,-68.794785,-253.73141,-184.90543,-239.49902,-41.86272,18.975042,-127.97603,-1
-22.35788,-16.652714,-18.605886,65.99116,8.656103,-41.12515,28.27781,-82.21408,17.31132,-61.388653,-14.4160385,-15.932289,-5.417081,-0.037992477,-9.713194,-15.649914,7.6081924,-11.425617,-1.8592453,-5.910304,-1
-72.72776,-130.92685,-48.46804,105.294464,-118.591415,-100.01372,212.74219,-4.3819733,-151.71252,172.02698,158.6134,108.19875,-123.32651,12.146393,150.90604,119.75801,166.92113,18.664644,1.5395546,36.965744,-1
76.95176,81.014946,48.95501,-155.11992,99.819145,64.46046,-208.32521,-20.815235,114.31726,-140.56055,-149.46252,-134.88014,101.84725,-17.64611,-148.71446,-111.2388,-173.09277,-31.049902,-1.5163374,-105.31536,-1
10.723044,-44.969177,-18.630539,-4.025567,-21.154095,-33.21442,19.251781,-11.953597,38.50314,-63.654873,-3.3436317,-5.347644,9.622219,-40.887398,24.080675,-39.726818,21.046457,0.47405624,6.6888285,-82.69336,-1
-104.66985,-119.00523,-67.21696,174.28201,-85.362236,-120.4045,231.50658,-62.703053,-71.64118,85.56129,159.14203,114.30653,-129.78825,49.083435,142.25764,95.6183,170.832,9.788494,23.280449,10.352583,-1
132.47641,100.95175,62.761635,-166.8452,125.384125,111.23671,-246.83546,17.595985,234.79123,-223.24072,-170.73735,-161.06772,176.64307,-89.97073,-212.5503,-127.82737,-231.3161,-34.84458,5.297806,-123.66919,-1
78.54358,-4.6366825,26.608885,-49.823956,3.553524,-31.338371,-4.3643665,-27.230078,103.98725,-87.842636,-25.424526,-60.944508,48.27124,-11.583413,-35.45167,-45.496544,-8.630928,-1.7113008,13.671671,-71.30861,-1
-101.42308,-91.9643,-113.57394,138.59146,-104.39603,-89.62719,264.9629,-6.3888817,-4.520298,69.29637,147.79088,117.73157,-99.933334,31.180992,173.1308,103.88397,211.83249,35.960564,110.36552,-25.214417,-1
101.74643,90.086136,137.98349,-152.6367,160.75974,73.380554,-204.4111,24.995209,239.82245,-169.77689,-187.611,-131.19342,135.54941,-40.69487,-183.0065,-164.30675,-157.9927,-23.9001,-10.38453,-83.495224,-1
-48.179543,-114.88238,-20.947197,183.21252,-122.12276,-101.823616,317.6795,-42.22661,-87.01198,60.756065,130.6691,127.15863,-0.029266357,42.55063,219.57175,159.3192,231.8643,18.456446,46.19748,-87.23557,-1
171.8064,87.385475,150.37561,-156.31033,281.76837,82.41888,-152.13298,-20.525452,266.2286,-211.73183,-179.92595,-138.91364,169.12296,-81.29944,-98.646225,-111.31729,-105.32827,21.374857,48.460823,-95.62615,-1
-6.232497,-4.416298,62.092766,12.020414,-10.8152485,4.193549,62.0747,36.80757,45.8312,-4.551911,44.083176,-9.37256,12.144995,19.898655,33.103203,19.510538,2.7145028,8.5967655,0.686712,-29.129416,-1
-92.25343,-105.58464,-86.41147,168.83937,-15.723137,-53.22441,274.75415,-7.481701,-126.292564,107.54281,168.09567,126.92949,-83.9211,63.889305,206.89297,167.94583,240.66235,29.395493,33.290825,8.762714,-1
175.6491,79.07671,136.90327,-176.13763,185.61307,93.51953,-114.92262,35.27572,174.8495,-162.71667,-155.75304,-133.25746,208.01395,-137.73708,-78.53517,-93.637146,-146.42027,15.776157,-2.65308,-46.05345,-1
0.143785,15.717754,114.95975,29.854557,48.57273,2.3796787,67.14882,-7.1464367,28.085627,-54.125828,37.076126,5.0162144,23.361734,11.018381,106.93521,31.956615,119.53749,38.5436,31.16936,-101.416756,-1
-38.978878,-127.37057,-101.261444,95.96272,-50.866226,-107.65633,315.42426,12.371399,-94.97831,129.43936,232.86751,211.27771,-110.96891,39.899994,304.89795,178.5838,283.996,45.0451,25.404278,60.38651,-1
181.43852,103.57263,141.78258,-146.22221,227.46753,83.536545,-153.67847,37.338245,152.1792,-175.5328,-167.38107,-142.24945,165.45818,-110.87501,-125.542206,-111.364395,-167.43814,-31.72393,-8.7815695,-69.2166,-1
57.172184,-19.826874,30.302372,24.26337,24.22051,-24.969715,80.14444,-3.0599122,77.07056,-27.85023,38.711723,47.42831,98.43214,-39.185024,65.142105,-42.062866,76.7988,33.4492,69.066826,-12.494512,-1
-105.96319,-107.05606,-84.4188,140.7343,-21.624563,-65.920425,273.29346,-43.858032,-148.14932,126.55602,201.26923,123.84757,-121.35183,70.972046,301.34778,217.87166,280.2192,54.23316,18.24141,-26.585442,-1
234.38783,48.725327,146.5562,-192.05713,189.87022,104.86557,-195.21603,70.598854,190.07663,-173.5252,-22.668583,-47.64454,235.22601,-111.36471,-139.93315,-103.73544,-161.75758,-7.247738,19.570118,41.6564,-1
-19.522978,21.808762,17.676914,33.088238,30.175323,14.42735,137.03055,2.8532848,40.508923,-21.331404,51.90047,33.73256,-13.3134365,34.88011,71.86362,31.414524,87.52676,21.745274,61.258278,-41.842285,-1
-77.89148,-85.97763,-77.816376,176.76862,-120.46207,-114.03206,254.79536,-3.1959686,-124.281784,107.940445,186.71829,141.78099,-57.403137,38.248245,241.19162,167.37373,192.66081,31.528645,26.892815,22.726181,-1
154.94725,76.929825,193.8341,-181.4173,215.16516,121.7644,-210.84917,32.883366,136.36284,-152.56206,-165.23521,-157.75858,129.93059,-18.009247,-121.21661,-147.40335,-180.76631,2.0722485,-1.1274977,-99.10552,-1
10.134358,2.857687,17.71957,-20.345518,16.386723,3.7556744,37.3976,-31.436293,45.897484,-32.283684,78.08161,34.69691,72.82337,-19.288681,33.971275,17.087103,42.111626,6.275504,44.12424,-2.0485172,-1
-83.44957,-90.20212,-72.04294,139.49463,-64.969345,-70.03244,314.4055,-14.694927,-165.95883,139.44304,164.36105,126.945274,-117.87345,56.55687,289.90738,216.075,248.51312,68.60785,-42.485664,-16.14962,-1
150.60309,72.71243,94.67476,-117.46571,169.49231,62.878326,-235.42181,4.297394,204.9943,-196.3485,-167.55853,-116.560974,175.01704,-88.471985,-173.29927,-150.34837,-173.51727,-59.741627,28.47,-35.44162,-1
8.801664,-2.1703181,14.9733925,-104.0164,29.42983,-15.758446,18.773165,-9.549372,1.1923466,-12.96512,0.75505066,-43.009636,31.183207,-45.028282,18.274876,-46.706654,0.8550527,8.528503,-2.8475933,-62.14361,-1
-61.38235,-92.20575,-54.071495,152.06187,-135.34248,-101.63867,291.38434,-37.654175,-76.39802,15.182217,215.5373,117.7393,-108.85057,16.514862,236.23788,96.290794,240.35803,7.363117,73.20614,-80.200226,-1
106.0729,93.87334,100.74534,-234.73073,193.72679,84.85614,-193.72424,-93.833984,129.59451,-135.19644,-226.12589,-235.28758,179.75159,-104.558,-189.42924,-131.7989,-204.33426,-44.145195,-43.95378,-74.016136,-1
-7.72112,-62.11151,-15.413126,-31.611725,18.058641,-105.76977,-15.789679,-59.33543,42.086414,-121.67463,-15.527474,-52.65447,-17.249146,-152.04701,-64.35867,-114.852394,-11.139116,-10.71111,33.945793,-149.53296,-1
-141.11687,-143.74269,-76.79071,84.46746,-215.60037,-162.71936,196.27008,-67.7595,-146.45297,96.41402,160.58864,92.312805,-101.78599,21.519241,192.1464,83.49413,181.93187,-3.467165,10.073181,-59.974293,-1
198.86703,115.5949,109.33731,-242.98314,163.03622,42.982895,-268.3455,-54.679306,114.8333,-206.5427,-242.1654,-270.07874,137.67941,-126.59961,-248.86566,-198.04843,-271.9361,-52.39225,-45.954365,-198.77806,-1
0.5895028,-22.189667,-55.5953,-98.74944,-7.0597873,-76.31024,-9.413601,-89.12685,22.540916,-24.246082,23.074835,5.1149154,-27.730057,-121.91513,-25.82373,-140.14435,-40.827797,-29.063848,3.553339,-41.988472,-1
-144.09297,-112.017334,-65.676476,134.28888,-189.57112,-97.12088,202.63269,-33.979042,-119.40596,37.575623,92.35867,58.230057,-181.01973,36.419907,142.41716,83.20562,155.9116,-9.062647,-5.8615685,-107.746895,-1
59.41691,117.54805,99.86698,-226.70868,123.42511,62.379402,-248.91531,-148.4726,170.36768,-230.48071,-203.32265,-273.04077,124.3425,-101.50974,-234.32852,-164.47797,-202.23183,-62.175617,-8.801902,-159.58826,-1
-4.855678,-19.431221,-42.90057,-90.757095,1.3477967,-50.616318,-45.12234,3.23003,-6.4451046,4.9442663,-35.050022,-1.2528007,4.126292,-29.153097,-29.508024,-30.532158,-38.69841,-0.18914509,-13.681577,-30.18506,-1
-188.51288,-134.549,-88.051445,141.83344,-284.69305,-117.8139,209.0307,-50.23653,-160.97409,69.00357,113.39655,-2.9019356,-208.77365,18.788742,146.74113,96.2793,165.41241,-15.507111,-23.935818,-53.758392,-1
76.35308,57.757763,6.1802597,-213.09732,136.18806,42.9198,-279.818,-2.7744613,159.99829,-171.16925,-205.68121,-146.53787,108.482704,-81.88424,-230.812,-244.81631,-240.49419,-71.18916,10.796259,-52.751427,-1
-7.9615498,15.3534975,37.47236,-35.931656,-56.969887,-17.009115,-20.89193,-59.757957,-34.482574,33.605568,-38.1076,-65.18301,-29.671143,-63.94918,-51.559387,-52.58633,-29.214151,-0.40723515,-40.796112,-36.20531,-1
-129.65591,-110.228806,-139.46017,129.32903,-251.28198,-115.3374,9.866943,-73.23227,-200.4863,141.14006,132.28433,52.37152,-158.66779,15.640884,46.00998,105.68365,-5.7527866,-49.091953,-10.07236,-18.83966,-1
67.42847,128.07187,21.418015,-134.68599,50.944595,72.40892,-279.30832,-24.51523,159.7999,-200.09718,-213.74931,-117.71588,77.913445,-100.02323,-295.0285,-176.93494,-208.07394,-19.712578,-26.904062,-105.31759,-1
-58.50067,17.223877,-60.411743,-31.50846,-29.856983,19.287638,-55.74032,-9.910908,-13.299709,28.53294,-34.949947,-67.78015,-114.928696,44.101803,-40.49503,-41.162766,-7.8145704,-3.7152224,-32.28271,-18.504581,-1
-146.01273,-147.30112,-221.81047,178.6235,-316.0742,-119.949684,122.638535,-44.93243,-195.64148,139.52539,110.778275,46.679718,-123.942245,21.977707,62.93107,34.84452,125.097755,-20.346966,-50.471375,8.186455,-1
83.426735,116.49468,108.99802,-200.7799,109.31966,78.52302,-301.05893,-42.851547,108.26466,-173.85074,-171.15195,-140.76099,68.424194,-62.794067,-211.90872,-144.53148,-261.0254,-8.436386,-7.2383156,-67.9585,-1
-129.46127,-11.178696,-66.36034,-28.813622,-19.009779,-30.095274,-34.72158,12.720012,-32.055527,23.102104,-109.21485,-96.38391,-89.250916,8.99884,-76.47412,-35.640766,-53.916607,-5.106765,-39.250008,-40.30362,-1
-123.06237,-116.479324,-141.81348,229.7089,-225.17618,-136.58942,163.40729,-14.884415,-202.80246,159.59442,144.78537,136.49477,-168.88776,39.619034,116.64938,116.29201,111.54076,9.648218,-27.280798,50.774414,-1
117.16264,92.6277,27.777676,-113.77275,25.925896,100.53419,-284.97095,-21.148712,103.90613,-121.89778,-180.018,-109.652054,124.33524,33.597916,-241.70251,-164.03403,-241.94778,-56.802284,-38.326954,-77.00824,-1
-8.428995,-0.3538766,-8.89524,-23.734829,-0.34127665,-0.36535883,-21.082714,-1.6209056,-30.583456,43.716885,-12.155141,-1.9301915,-54.882988,-26.349215,-30.06681,-30.006153,-28.718086,-14.569043,-38.183765,14.182279,-1
-133.0344,-68.67857,-82.986664,153.5664,-161.44366,-64.38069,172.14879,-23.861855,-157.1939,148.9819,77.42465,82.618,-123.65821,67.94818,134.45474,105.60213,141.80957,11.483825,-17.317698,52.40974,-1
61.619194,80.693436,59.18435,-144.41214,96.17199,111.6174,-247.31735,26.60772,99.34786,-116.16725,-120.41182,-76.26729,40.263504,-9.121582,-137.02164,-80.68957,-164.79852,-7.592432,-20.918741,-13.890411,-1
-13.552027,10.120218,-14.691234,48.09451,-12.735533,16.555416,15.186537,1.7547183,-11.106722,24.93129,-16.429674,8.365239,-11.026873,46.041924,-25.59449,10.77953,0.11889553,-3.5360417,-9.970882,6.3466263,-1
-79.53751,-73.2385,-97.360725,157.67111,-137.9641,-29.598173,180.79471,27.740154,-139.74066,142.81348,140.72838,122.40837,-106.13712,71.82298,155.55362,128.11209,135.33844,17.091541,-3.7263565,70.96992,-1
93.0468,86.91048,62.078465,-70.70133,145.07428,114.73204,-194.40834,25.639538,72.43744,-45.933083,-161.7585,-119.17218,88.63009,54.645744,-128.21857,-97.958176,-150.9975,-5.0591393,-42.406822,35.797012,-1
-11.507483,0.115998745,-36.197914,8.996539,5.3135104,-1.3070474,35.636627,62.464092,6.9824047,0.602478,-0.95481443,14.952772,-4.7220726,-48.787674,-7.221719,65.05379,10.815041,-1.2093322,5.9853992,20.399986,-1
-89.72484,-48.236843,-34.035072,156.67146,-92.59941,-57.46984,183.4085,52.861732,-131.30832,148.91794,180.79352,163.9821,-115.24414,50.044846,127.90628,140.7956,157.46828,45.41754,25.499691,111.37973,-1
101.151566,67.97481,109.75107,-68.81662,112.4153,84.10646,-164.86148,1.9681168,151.65799,-79.54745,-140.3768,-76.60947,139.76672,18.259392,-114.10926,-55.04751,-143.6732,-9.647461,3.8760996,19.826141,-1
32.243702,0.56607246,-0.16493034,8.466015,-4.114862,-6.5699983,-2.1063433,25.586578,18.217247,34.96727,36.208008,24.88844,15.900244,-11.187051,0.15201378,7.1521263,13.235193,2.782472,7.719447,22.038906,-1
-92.18014,-64.93994,-44.02867,159.89246,-57.10484,-6.4161224,178.31082,36.648895,-114.12555,125.94252,143.83514,105.37991,-110.564,97.63995,203.89484,146.43144,173.41666,25.37593,22.095688,45.12404,-1
124.04924,80.82939,104.43779,-152.24539,142.84695,119.35341,-86.7888,62.976425,123.88255,-142.43945,-104.76926,-35.963493,137.91153,-33.261185,-104.43633,-73.14576,-106.794426,4.285242,-2.263228,-24.090927,-1
-1.6148548,-7.7036114,5.3427067,9.5468645,32.354977,-1.8868608,43.319244,31.278383,50.63925,-27.082378,9.990941,34.115086,34.168312,45.773632,49.95156,-18.306557,54.613342,24.47842,21.683857,-22.264511,-1
-41.08684,-77.035,-49.03679,142.78491,-56.031475,-99.46785,227.32727,29.906767,-119.30652,114.06006,144.0555,109.308,-63.690693,29.903397,228.33667,152.01306,182.87292,29.648348,0.6851888,30.478203,-1
92.973694,67.7351,88.74333,-109.99924,149.94022,69.14125,-132.98268,9.290291,119.670265,-103.22357,-89.35093,-96.467926,141.77252,-22.474472,-138.47168,-101.29558,-150.23102,-1.7279139,14.082566,-40.696095,-1
74.573364,2.1991005,39.53896,15.268446,44.980324,37.540703,52.758125,0.056550503,33.099995,-79.81393,8.622394,19.229506,24.809294,-63.120766,37.36118,24.36539,58.132416,21.485493,35.865723,-1.447298,-1
-91.80492,-80.49187,-55.70971,187.4533,-93.7435,-92.540184,274.0362,-5.212654,-70.28444,101.85686,228.04353,164.94728,-39.555954,55.020576,322.25003,145.21802,272.86737,22.40121,67.65218,39.63346,-1
210.09254,97.20894,194.90442,-172.4838,326.13995,160.96431,-82.72876,53.31279,114.09538,-125.99301,-104.67412,-95.9969,140.39307,-76.90544,-111.03259,-96.45395,-87.42896,19.636942,9.63235,-28.78164,-1
-13.908443,-36.311367,19.970531,8.921566,-3.8751516,-41.739132,71.1403,-34.675194,70.36711,-36.094322,-18.993975,-25.372616,53.968857,16.071213,-11.755296,-18.177494,1.3977218,-8.510397,-2.8641481,-25.171608,-1
-77.454865,-141.5469,-39.889153,68.78842,-113.04937,-147.32207,234.56866,21.103697,-167.87317,160.71542,235.26036,189.70569,-70.66028,-41.536194,218.6055,167.10957,223.02968,23.558212,24.712654,74.33508,-1
151.2465,123.07302,114.61319,-115.11005,175.78839,117.754395,-120.562195,3.2550583,233.04482,-204.4942,-128.46991,-112.756134,183.23065,-42.269104,-65.19219,-94.43135,-130.01143,5.5747013,38.030304,-28.01636,-1
-1.3215289,-23.05947,14.868941,3.1233087,3.433216,-20.185541,38.060547,17.065697,10.310546,-31.531404,32.58267,10.183344,-12.678385,38.90821,44.9573,4.385833,66.99806,16.85298,13.701836,-20.55405,-1
-49.781822,-109.88963,-70.439156,181.67123,-12.582382,-95.3883,300.56586,3.9006557,-110.632324,133.73747,190.88704,134.63638,-53.119324,31.322433,269.22513,193.6146,222.04742,30.359945,70.17894,40.17658,-1
105.32962,84.036766,148.0719,-143.18756,200.68925,155.96667,-143.17264,95.571945,163.57501,-181.59784,-136.5611,-71.752174,181.88654,-77.1063,-115.66705,-128.01834,-120.25161,-6.623767,13.369467,-83.17082,-1
33.72089,35.149315,85.83,-39.36015,54.169624,-3.2678356,28.299026,67.23279,4.823704,64.180405,78.00087,54.424973,68.33563,2.0575871,40.714077,54.24759,31.493628,48.422897,6.123786,105.809494,-1
-77.36494,-76.93731,-63.12792,104.21371,-122.33002,-59.72361,218.15118,-8.985428,-89.456924,111.831,128.69186,87.21077,-74.27467,23.61728,185.87148,104.12413,174.0257,4.398158,28.628809,20.21613,-1
106.09594,101.890724,88.13535,-85.206276,161.53815,123.80633,-150.86172,24.99442,104.72905,-106.987625,-91.01871,-44.235504,117.388626,2.4229584,-61.510895,-35.711777,-108.52785,-3.420969,10.068378,-3.890396,-1
28.295696,-25.481472,44.46839,-9.499733,31.923046,5.5709524,84.22062,-20.051746,39.73788,-3.3979788,31.35948,26.79618,24.163952,-31.710022,-11.814271,6.3011866,29.545137,-10.071474,51.797787,69.24453,-1
-126.1835,-123.212326,-71.814926,211.52255,-161.99733,-91.790985,271.7232,52.107094,-138.48026,143.76685,184.53256,162.31653,-120.175354,85.90132,239.56694,126.377495,233.84491,36.47731,21.019588,12.865486,-1
131.77925,96.44068,65.89498,-98.73612,138.40231,99.02343,-170.97247,44.959763,117.49403,-114.67688,-99.218346,-43.168434,132.37529,-41.31729,-155.18173,-88.68971,-150.35587,-10.308741,-21.443775,27.192978,-1
-15.180376,-1.272141,25.386402,18.406485,20.08149,9.829799,-28.804241,-44.02659,-22.69685,-9.530342,12.024115,7.992654,-24.812185,28.915266,2.3036175,-17.348907,-10.009405,-7.786009,4.7654634,1.4944601,-1
